Number,Riding (2023 Representation Order),Province/Territory,Population (2021 Census),Ilocano Mother Tongue,Ilocano per 100K,Tagalog Mother Tongue,Tagalog per 100K,Cebuano Mother Tongue,Cebuano per 100K,Mandarin Mother Tongue,Mandarin per 100K,Punjabi Mother Tongue,Punjabi per 100K,Cantonese Mother Tongue,Cantonese per 100K,Spanish Mother Tongue,Spanish per 100K,Arabic Mother Tongue,Arabic per 100K
10001,Avalon,Newfoundland and Labrador,"81,781",5,6.113889534,45,55.02500581,0,0,45,55.02500581,25,30.56944767,15,18.3416686,45,55.02500581,30,36.68333721
10002,Cape Spear,Newfoundland and Labrador,"85,038",5,5.879724359,220,258.7078718,5,5.879724359,155,182.2714551,130,152.8728333,60,70.5566923,145,170.5120064,345,405.7009807
10003,Central Newfoundland,Newfoundland and Labrador,"74,122",5,6.745635574,75,101.1845336,5,6.745635574,5,6.745635574,75,101.1845336,35,47.21944902,25,33.72817787,100,134.9127115
10004,Labrador,Newfoundland and Labrador,"26,655",15,56.27462015,385,1444.381917,10,37.51641343,5,18.75820672,65,243.8566873,5,18.75820672,25,93.79103358,35,131.307447
10005,Long Range Mountains,Newfoundland and Labrador,"81,795",0,0,115,140.5953909,10,12.22568617,25,30.56421542,75,91.69264625,25,30.56421542,40,48.90274467,50,61.12843083
10006,St. John's East,Newfoundland and Labrador,"85,038",10,11.75944872,290,341.0240128,20,23.51889743,590,693.8074743,215,252.8281474,165,194.0309038,320,376.3023589,960,1128.907077
10007,Terra Nova—The Peninsulas,Newfoundland and Labrador,"76,121",5,6.568489641,50,65.68489641,0,0,5,6.568489641,45,59.11640677,5,6.568489641,40,52.54791713,40,52.54791713
11001,Cardigan,Prince Edward Island,"39,236",0,0,50,127.4339892,0,0,"1,615",4116.117851,140,356.8151697,75,191.1509838,90,229.3811805,95,242.1245795
11002,Charlottetown,Prince Edward Island,"38,809",10,25.76721894,220,566.8788168,15,38.65082842,"1,400",3607.410652,775,1996.959468,170,438.042722,265,682.831302,655,1687.752841
11003,Egmont,Prince Edward Island,"37,751",10,26.48936452,705,1867.500199,20,52.97872904,50,132.4468226,325,860.9043469,90,238.4042807,65,172.1808694,35,92.71277582
11004,Malpeque,Prince Edward Island,"38,535",5,12.97521733,190,493.0582587,5,12.97521733,175,454.1326067,145,376.2813027,20,51.90086934,130,337.3556507,40,103.8017387
12001,Acadie—Annapolis,Nova Scotia,"76,252",0,0,90,118.029691,0,0,50,65.57205057,80,104.9152809,45,59.01484551,130,170.4873315,80,104.9152809
12002,Cape Breton—Canso—Antigonish,Nova Scotia,"75,141",0,0,160,212.9330193,15,19.96247056,65,86.50403907,110,146.3914507,15,19.96247056,100,133.083137,155,206.2788624
12003,Central Nova,Nova Scotia,"76,210",0,0,155,203.3853825,5,6.56081879,35,45.92573153,40,52.48655032,25,32.80409395,100,131.2163758,130,170.5812885
12004,Cumberland—Colchester,Nova Scotia,"82,014",10,12.19304021,165,201.1851635,20,24.38608043,85,103.6408418,270,329.2120857,50,60.96520106,110,134.1234423,140,170.702563
12005,Dartmouth—Cole Harbour,Nova Scotia,"104,825",15,14.30956356,655,624.850942,50,47.69854519,290,276.6515621,"1,055",1006.439304,175,166.9449082,370,352.9692344,675,643.9303601
12006,Halifax,Nova Scotia,"98,855",15,15.17373932,505,510.8492236,40,40.46330484,"2,485",2513.782813,"1,035",1046.988013,275,278.1852208,690,697.9920085,"1,770",1790.501239
12007,Halifax West,Nova Scotia,"99,228",25,25.19450155,815,821.3407506,60,60.46680372,"2,080",2096.182529,865,871.7297537,295,297.2951183,565,569.3957351,"3,090",3114.040392
12008,Kings—Hants,Nova Scotia,"95,063",10,10.51933981,230,241.9448155,10,10.51933981,130,136.7514175,155,163.049767,30,31.55801942,140,147.2707573,170,178.8287767
12009,Sackville—Bedford—Preston,Nova Scotia,"100,416",15,14.93785851,210,209.1300191,15,14.93785851,"1,090",1085.484385,205,204.150733,265,263.902167,320,318.6743149,"1,545",1538.599426
12010,South Shore—St. Margarets,Nova Scotia,"79,130",0,0,85,107.4181726,5,6.318716037,50,63.18716037,95,120.0556047,25,31.59358018,95,120.0556047,120,151.6491849
12011,Sydney—Glace Bay,Nova Scotia,"82,219",0,0,165,200.6835403,5,6.081319403,370,450.0176358,640,778.4088836,35,42.56923582,50,60.81319403,80,97.30111045
13001,Acadie—Bathurst,New Brunswick,"79,581",0,0,70,87.96069414,10,12.56581345,10,12.56581345,30,37.69744034,25,31.41453362,60,75.39488069,80,100.5265076
13002,Beauséjour,New Brunswick,"88,591",25,28.21957084,550,620.8305584,40,45.15131334,80,90.30262668,115,129.8100258,20,22.57565667,350,395.0739917,175,197.5369959
13003,Fredericton—Oromocto,New Brunswick,"85,389",5,5.855555165,315,368.8999754,50,58.55555165,795,931.0332713,260,304.4888686,110,128.8222136,475,556.2777407,"1,355",1586.85545
13004,Fundy Royal,New Brunswick,"73,554",5,6.79772684,90,122.3590831,5,6.79772684,60,81.57272208,125,169.943171,10,13.59545368,110,149.5499905,125,169.943171
13005,Madawaska—Restigouche,New Brunswick,"70,597",0,0,55,77.90699322,0,0,20,28.32981571,95,134.5666246,25,35.41226964,70,99.154355,125,177.0613482
13006,Miramichi—Grand Lake,New Brunswick,"59,725",0,0,150,251.1511093,5,8.371703642,20,33.48681457,60,100.4604437,15,25.11511093,110,184.1774801,50,83.71703642
13007,Moncton—Dieppe,New Brunswick,"91,961",10,10.87417492,630,685.0730201,60,65.24504953,475,516.5233088,640,695.947195,120,130.4900991,490,532.8345712,"1,290",1402.768565
13008,Saint John—Kennebecasis,New Brunswick,"81,932",10,12.20524337,360,439.3887614,35,42.7183518,765,933.701118,235,286.8232193,95,115.949812,300,366.1573012,980,1196.113851
13009,Saint John—St. Croix,New Brunswick,"80,192",10,12.47007183,250,311.7517957,10,12.47007183,60,74.82043097,65,81.05546688,45,56.11532322,120,149.6408619,90,112.2306464
13010,Tobique—Mactaquac,New Brunswick,"64,088",5,7.801772563,130,202.8460866,5,7.801772563,45,70.21595306,135,210.6478592,5,7.801772563,125,195.0443141,70,109.2248159
24001,Abitibi—Baie-James—Nunavik—Eeyou,Quebec,"89,087",0,0,110,123.4748055,0,0,10,11.22498232,0,0,15,16.83747348,165,185.2122083,225,252.5621022
24002,Abitibi—Témiscamingue,Quebec,"103,735",0,0,75,72.29960958,10,9.639947944,20,19.27989589,0,0,10,9.639947944,260,250.6386466,285,274.7385164
24003,Ahuntsic-Cartierville,Quebec,"111,511",10,8.967725157,155,138.9997399,15,13.45158774,540,484.2571585,910,816.0629893,650,582.9021352,"4,165",3735.057528,"11,365",10191.81964
24004,Alfred-Pellan,Quebec,"113,173",10,8.836029795,75,66.27022346,5,4.418014898,310,273.9169236,50,44.18014898,170,150.2125065,"4,825",4263.384376,"5,665",5005.610879
24005,Argenteuil—La Petite-Nation,Quebec,"108,903",0,0,35,32.13869223,0,0,55,50.50365922,10,9.182483494,10,9.182483494,375,344.343131,230,211.1971204
24006,Beauce,Quebec,"111,034",0,0,70,63.04375236,0,0,20,18.01250068,0,0,0,0,925,833.0781562,200,180.1250068
24007,Beauharnois—Salaberry—Soulanges—Huntingdon,Quebec,"118,474",0,0,55,46.4236879,0,0,50,42.20335263,75,63.30502895,40,33.76268211,730,616.1689485,310,261.6607863
24008,Beauport—Limoilou,Quebec,"113,598",0,0,30,26.40891565,0,0,95,83.62823289,0,0,35,30.81040159,"1,370",1206.007148,900,792.2674695
24009,Bécancour—Nicolet—Saurel—Alnôbak,Quebec,"96,439",0,0,30,31.10774687,5,5.184624478,40,41.47699582,0,0,10,10.36924896,420,435.5084561,170,176.2772322
24010,Bellechasse—Les Etchemins—Lévis,Quebec,"111,737",0,0,50,44.74793488,5,4.474793488,55,49.22272837,5,4.474793488,10,8.949586977,670,599.6223274,470,420.6305879
24011,Beloeil—Chambly,Quebec,"114,551",0,0,10,8.7297361,5,4.36486805,180,157.1352498,5,4.36486805,60,52.3784166,"1,225",1069.392672,610,532.5139021
24012,Berthier—Maskinongé,Quebec,"108,640",0,0,80,73.6377025,0,0,35,32.21649485,0,0,5,4.602356406,505,464.8379971,145,133.4683358
24013,Bourassa,Quebec,"105,637",0,0,55,52.06509083,5,4.733190075,175,165.6616526,105,99.39699158,260,246.1258839,"7,560",7156.583394,"7,885",7464.240749
24014,Brome—Missisquoi,Quebec,"113,913",0,0,40,35.11451722,5,4.389314652,90,79.00766374,0,0,5,4.389314652,555,487.2139264,115,100.954237
24015,Brossard—Saint-Lambert,Quebec,"114,286",15,13.12496719,365,319.3742016,20,17.49995625,"6,650",5818.735453,360,314.9992125,"4,840",4234.989413,"5,870",5136.237159,"5,195",4545.613636
24016,Charlesbourg—Haute-Saint-Charles,Quebec,"113,308",0,0,25,22.06375543,0,0,70,61.7785152,0,0,75,66.19126628,1115,984.0434921,790,697.2146715
24017,Châteauguay—Les Jardins-de-Napierville,Quebec,"114,947",20,17.39932317,160,139.1945853,10,8.699661583,300,260.9898475,105,91.34644662,55,47.84813871,"2,250",1957.423856,"1,135",987.4115897
24018,Chicoutimi—Le Fjord,Quebec,"92,460",0,0,10,10.81548778,0,0,45,48.669695,0,0,5,5.407743889,245,264.9794506,260,281.2026822
24019,Compton—Stanstead,Quebec,"113,282",0,0,25,22.06881941,5,4.413763881,170,150.067972,5,4.413763881,25,22.06881941,"1,055",931.304179,310,273.6533606
24020,Côte-du-Sud—Rivière-du-Loup—Kataskomiq—Témiscouata,Quebec,"116,216",0,0,45,38.72100227,5,4.302333586,35,30.1163351,0,0,5,4.302333586,320,275.3493495,150,129.0700076
24021,Côte-Nord—Kawawachikamach—Nitassinan,Quebec,"88,525",0,0,40,45.184976,0,0,15,16.944366,0,0,10,11.296244,180,203.332392,145,163.795538
24022,Dorval—Lachine—LaSalle,Quebec,"114,661",105,91.57429292,840,732.5943433,25,21.80340308,"3,985",3475.46245,"3,925",3423.134283,"1,085",946.2676935,"3,840",3349.002712,"2,565",2237.029156
24023,Drummond,Quebec,"107,967",0,0,50,46.31044671,0,0,110,101.8829828,0,0,15,13.89313401,"1,225",1134.605944,720,666.8704326
24024,Gaspésie—Les Îles-de-la-Madeleine—Listuguj,Quebec,"110,225",0,0,30,27.21705602,5,4.536176004,20,18.14470401,5,4.536176004,0,0,160,145.1576321,80,72.57881606
24025,Gatineau,Quebec,"109,624",0,0,115,104.9040356,10,9.122090053,285,259.9795665,25,22.80522513,55,50.17149529,"1,810",1651.0983,"2,905",2649.96716
24026,Hochelaga—Rosemont-Est,Quebec,"110,039",5,4.543843546,85,77.24534029,0,0,960,872.4179609,100,90.87687093,565,513.4543207,"4,985",4530.212016,"4,505",4094.003035
24027,Honoré-Mercier,Quebec,"105,434",0,0,40,37.93842593,0,0,295,279.7958913,130,123.2998843,400,379.3842593,"5,230",4960.449191,"5,250",4979.418404
24028,Hull—Aylmer,Quebec,"105,559",10,9.473375079,280,265.2545022,70,66.31362556,"1,060",1004.177758,115,108.9438134,170,161.0473763,"2,505",2373.080457,"3,215",3045.690088
24029,Joliette—Manawan,Quebec,"104,882",0,0,40,38.13809805,0,0,25,23.83631128,5,4.767262257,20,19.06904903,735,700.7875517,335,319.4065712
24030,Jonquière,Quebec,"91,061",0,0,10,10.98164966,5,5.490824832,20,21.96329933,0,0,5,5.490824832,170,186.6880443,70,76.87154764
24031,La Pointe-de-l'Île,Quebec,"110,486",5,4.525460239,35,31.67822168,0,0,550,497.8006263,30,27.15276144,420,380.1386601,"4,620",4181.525261,"2,655",2403.019387
24032,La Prairie—Atateken,Quebec,"114,968",5,4.349036254,90,78.28265256,5,4.349036254,"1,810",1574.351124,160,139.1691601,520,452.2997704,"3,295",2866.014891,"1,575",1369.94642
24033,Lac-Saint-Jean,Quebec,"92,031",0,0,5,5.43295194,0,0,5,5.43295194,0,0,5,5.43295194,140,152.1226543,35,38.03066358
24034,Lac-Saint-Louis,Quebec,"110,093",100,90.83229633,830,753.9080595,20,18.16645927,"5,305",4818.65332,690,626.7428447,860,781.1577484,"2,530",2298.057097,"3,675",3338.08689
24035,LaSalle—Émard—Verdun,Quebec,"112,298",30,26.71463428,305,271.5987818,20,17.80975618,"2,825",2515.628061,980,872.678053,835,743.5573207,"4,395",3913.693922,"2,035",1812.142692
24036,Laurentides—Labelle,Quebec,"92,897",0,0,20,21.52922053,0,0,50,53.82305134,0,0,20,21.52922053,420,452.1136312,100,107.6461027
24037,Laurier—Sainte-Marie,Quebec,"115,704",0,0,120,103.7129226,15,12.96411533,"1,870",1616.193044,180,155.5693839,"1,255",1084.664316,"4,930",4260.872571,"3,245",2804.570283
24038,Laval—Les Îles,Quebec,"111,784",20,17.89164818,290,259.4288986,5,4.472912045,640,572.5327417,"1,255",1122.700923,335,299.685107,"2,805",2509.303657,"10,115",9048.701066
24039,Les Pays-d'en-Haut,Quebec,"106,834",5,4.680158002,25,23.40079001,5,4.680158002,70,65.52221203,0,0,10,9.360316004,600,561.6189603,210,196.5666361
24040,Lévis—Lotbinière,Quebec,"112,830",0,0,25,22.15722769,0,0,75,66.47168306,0,0,10,8.862891075,555,491.8904547,375,332.3584153
24041,Longueuil—Charles-LeMoyne,Quebec,"112,257",25,22.27032613,155,138.076022,5,4.454065225,"1,100",979.8943496,95,84.62723928,615,547.8500227,"5,375",4788.120117,"3,580",3189.110701
24042,Longueuil—Saint-Hubert,Quebec,"115,082",0,0,95,82.54983403,15,13.03418432,605,525.7121009,45,39.10255296,275,238.9600459,"4,845",4210.041536,"3,010",2615.52632
24043,Louis-Hébert,Quebec,"106,117",0,0,30,28.27068236,5,4.711780393,400,376.9424315,0,0,65,61.25314511,"2,340",2205.113224,"3,380",3185.163546
24044,Louis-Saint-Laurent—Akiawenhrahk,Quebec,"113,220",0,0,15,13.24854266,0,0,105,92.73979862,0,0,30,26.49708532,"1,120",989.2245186,740,653.5947712
24045,Marc-Aurèle-Fortin,Quebec,"104,636",10,9.55694025,120,114.683283,0,0,335,320.1574984,260,248.4804465,205,195.9172751,"3,190",3048.66394,"7,395",7067.357315
24046,Mégantic—L'Érable—Lotbinière,Quebec,"103,114",0,0,60,58.1880249,0,0,25,24.24501038,0,0,5,4.849002075,715,693.4072968,245,237.6011017
24047,Mirabel,Quebec,"100,598",5,4.970277739,35,34.79194417,5,4.970277739,90,89.4649993,45,44.73249965,25,24.8513887,"1,125",1118.312491,"1,000",994.0555478
24048,Mount Royal,Quebec,"112,706",980,869.5189253,5545,4919.880042,340,301.6698312,"2,770",2457.72186,770,683.1934413,680,603.3396625,"3,100",2750.51905,"4,200",3726.50968
24049,Mont-Saint-Bruno—L'Acadie,Quebec,"111,323",0,0,45,40.4229135,5,4.491434834,490,440.1606137,55,49.40578317,175,157.2002192,"2,340",2101.991502,"1,460",1311.498971
24050,Montcalm,Quebec,"111,954",0,0,30,26.79672008,5,4.466120014,60,53.59344016,5,4.466120014,15,13.39836004,"1,180",1054.004323,470,419.8152813
24051,Montmorency—Charlevoix,Quebec,"101,119",0,0,0,0,5,4.944669152,45,44.50202237,0,0,5,4.944669152,350,346.1268407,190,187.8974278
24052,Notre-Dame-de-Grâce—Westmount,Quebec,"111,377",140,125.6992018,1015,911.3192131,70,62.84960091,"3,095",2778.850211,420,377.0976054,655,588.0926942,"3,860",3465.706564,"3,195",2868.635356
24053,Outremont,Quebec,"115,051",160,139.0687608,1210,1051.707504,130,112.9933682,910,790.9535771,555,482.3947641,400,347.671902,"4,260",3702.705757,"5,170",4493.659334
24054,Papineau,Quebec,"110,813",20,18.04842392,120,108.2905435,15,13.53631794,535,482.7953399,"5,330",4809.904975,"1,005",906.933302,"6,650",6001.100954,"5,280",4764.783915
24055,Pierre-Boucher—Les Patriotes—Verchères,Quebec,"103,020",0,0,25,24.2671326,0,0,235,228.1110464,0,0,45,43.68083867,"1,245",1208.503203,665,645.505727
24056,Pierrefonds—Dollard,Quebec,"109,497",190,173.5207357,1745,1593.650968,50,45.66335151,"1,940",1771.738038,"1,965",1794.569714,630,575.358229,"2,795",2552.581349,"7,095",6479.629579
24057,Pontiac—Kitigan Zibi,Quebec,"111,138",0,0,125,112.4727816,5,4.498911263,400,359.9129011,25,22.49455632,80,71.98258022,"1,490",1340.675557,"1,735",1561.122208
24058,Portneuf—Jacques-Cartier,Quebec,"106,611",0,0,15,14.0698427,0,0,20,18.75979027,0,0,10,9.379895133,425,398.6455431,205,192.2878502
24059,Québec Centre,Quebec,"103,977",0,0,70,67.32258096,5,4.808755783,175,168.3064524,0,0,45,43.27880204,"1,985",1909.076046,"1,120",1077.161295
24060,Repentigny,Quebec,"111,373",0,0,10,8.978836881,5,4.489418441,85,76.32011349,5,4.489418441,25,22.4470922,"2,205",1979.833532,"1,875",1683.531915
24061,Richmond—Arthabaska,Quebec,"110,651",0,0,45,40.66840788,0,0,30,27.11227192,0,0,15,13.55613596,855,772.6997497,345,311.7911271
24062,Rimouski—La Matapédia,Quebec,"102,019",0,0,0,0,0,0,25,24.50523922,0,0,15,14.70314353,195,191.1408659,140,137.2293396
24063,Rivière-des-Mille-Îles,Quebec,"104,960",5,4.763719512,65,61.92835366,5,4.763719512,235,223.8948171,60,57.16463415,45,42.87347561,"1,925",1834.032012,"2,145",2043.635671
24064,Rivière-du-Nord,Quebec,"113,514",0,0,20,17.61897211,5,4.404743027,65,57.26165935,0,0,20,17.61897211,"1,335",1176.066388,600,528.5691633
24065,Rosemont—La Petite-Patrie,Quebec,"112,909",0,0,50,44.2834495,5,4.42834495,645,571.2564986,100,88.56689901,415,367.5526309,"5,005",4432.773295,"2,800",2479.873172
24066,Saint-Hyacinthe—Bagot—Acton,Quebec,"105,086",0,0,10,9.516015454,5,4.758007727,60,57.09609272,0,0,10,9.516015454,"2,070",1969.815199,575,547.1708886
24067,Saint-Jean,Quebec,"114,617",0,0,35,30.53648237,5,4.362354625,75,65.43531937,0,0,30,26.17412775,805,702.3390945,485,423.1483986
24068,Saint-Laurent,Quebec,"108,763",145,133.3173965,925,850.4730469,40,36.77721284,"3,765",3461.655158,"1,285",1181.467962,"3,035",2790.471024,"3,460",3181.228911,"17,310",15915.33886
24069,Saint-Léonard—Saint-Michel,Quebec,"112,922",5,4.427835143,60,53.13402171,0,0,410,363.0824817,125,110.6958786,860,761.5876446,"8,955",7930.252741,"12,635",11189.13941
24070,Saint-Maurice—Champlain,Quebec,"111,997",0,0,10,8.928810593,5,4.464405297,45,40.17964767,0,0,5,4.464405297,395,352.6880184,200,178.5762119
24071,Shefford,Quebec,"115,924",0,0,55,47.44487768,0,0,50,43.13170698,0,0,25,21.56585349,"1,395",1203.374625,450,388.1853628
24072,Sherbrooke,Quebec,"116,844",5,4.279209887,85,72.74656807,0,0,210,179.7268152,60,51.35051864,45,38.51288898,"2,600",2225.189141,"1,930",1651.775016
24073,Terrebonne,Quebec,"113,797",0,0,20,17.57515576,5,4.39378894,145,127.4198793,10,8.78757788,20,17.57515576,"2,535",2227.650993,"1,605",1410.40625
24074,Thérèse-De Blainville,Quebec,"112,160",0,0,35,31.20542083,5,4.457917261,335,298.6804565,60,53.49500713,35,31.20542083,"1,935",1725.21398,"2,205",1965.941512
24075,Trois-Rivières,Quebec,"114,064",0,0,50,43.83503998,0,0,155,135.8886239,0,0,20,17.53401599,"1,410",1236.148127,"1,070",938.0698555
24076,Vaudreuil,Quebec,"120,653",60,49.72938924,615,509.7262397,10,8.28823154,750,621.6173655,"1,960",1624.493382,145,120.1793573,"2,295",1902.149138,"2,010",1665.93454
24077,Ville-Marie—Le Sud-Ouest—Île-des-Sœurs,Quebec,"114,364",10,8.744010353,200,174.8802071,15,13.11601553,"7,415",6483.683677,665,581.4766885,"1,175",1027.421216,"5,065",4428.841244,"6,750",5902.206988
24078,Vimy,Quebec,"108,773",25,22.98364484,165,151.6920559,10,9.193457935,680,625.1551396,670,615.9616817,415,381.5285043,"4,605",4233.587379,"13,295",12222.70233
35001,Ajax,Ontario,"126,666",145,114.4742867,2840,2242.117064,85,67.10561635,"1,275",1006.584245,"1,220",963.162964,"1,000",789.4778394,"1,305",1030.26858,"1,540",1215.795873
35002,Algonquin—Renfrew—Pembroke,Ontario,"107,420",10,9.309253398,115,107.0564141,5,4.654626699,150,139.638801,90,83.78328058,105,97.74716068,280,260.6590951,135,125.6749209
35003,Aurora—Oak Ridges—Richmond Hill,Ontario,"117,750",70,59.44798301,725,615.7112527,20,16.985138,"13,360",11346.07219,210,178.343949,"8,065",6849.2569,"1,350",1146.496815,"1,470",1248.407643
35004,Barrie South—Innisfil,Ontario,"120,378",55,45.68941169,635,527.5050258,30,24.92149728,820,681.1875924,465,386.2832079,265,220.1398927,"2,400",1993.719783,415,344.7473791
35005,Barrie—Springwater—Oro-Medonte,Ontario,"115,495",50,43.2919174,405,350.6645309,15,12.98757522,585,506.5154336,695,601.7576518,205,177.4968613,"1,110",961.0805663,310,268.4098879
35006,Bay of Quinte,Ontario,"110,164",15,13.61606332,255,231.4730765,20,18.1547511,255,231.4730765,310,281.398642,170,154.3153843,465,422.097963,185,167.9314477
35007,Beaches—East York,Ontario,"109,359",105,96.01404548,1565,1431.066487,30,27.43258442,950,868.6985068,310,283.470039,"2,380",2176.318364,"1,695",1549.94102,680,621.8052469
35008,Bowmanville—Oshawa North,Ontario,"128,534",40,31.12017054,820,637.963496,30,23.3401279,"1,020",793.5643487,595,462.9125368,585,455.1324941,975,758.5541569,730,567.9431123
35009,Brampton Centre,Ontario,"109,450",135,123.3439927,2265,2069.4381,65,59.38784833,400,365.463682,"10,170",9291.914116,430,392.8734582,"2,660",2430.333486,750,685.2444038
35010,Brampton—Chinguacousy Park,Ontario,"115,568",155,134.1201717,"2,670",2310.328119,100,86.52914302,405,350.4430292,"18,065",15631.48969,540,467.2573723,"3,250",2812.197148,840,726.8448013
35011,Brampton East,Ontario,"119,214",75,62.91207409,610,511.6848692,10,8.388276545,235,197.1244988,"41,320",34660.35868,330,276.813126,980,822.0511014,590,494.9083161
35012,Brampton North—Caledon,Ontario,"106,762",75,70.24971432,"1,115",1044.379086,35,32.78320001,490,458.9648002,"24,970",23388.47155,500,468.3314288,"1,430",1339.427886,515,482.3813716
35013,Brampton South,Ontario,"113,252",90,79.46879525,1520,1342.139653,60,52.97919684,635,560.6964998,"29,390",25950.97658,665,587.1860983,870,768.1983541,820,724.0490234
35014,Brampton West,Ontario,"114,260",85,74.39173814,1850,1619.114301,40,35.00787677,235,205.671276,"22,925",20063.88938,380,332.5748293,"1,170",1023.980396,720,630.1417819
35015,Brantford—Brant South—Six Nations,Ontario,"121,511",45,37.03368419,565,464.9784793,20,16.4594152,320,263.3506432,"2,255",1855.799063,180,148.1347368,850,699.5251459,470,386.7962571
35016,Bruce—Grey—Owen Sound,Ontario,"113,348",10,8.822387691,100,88.22387691,5,4.411193846,75,66.16790768,170,149.9805907,75,66.16790768,285,251.4380492,140,123.5134277
35017,Burlington,Ontario,"125,435",60,47.83353928,830,661.6972934,45,35.87515446,915,729.4614741,630,502.2521625,405,322.8763902,"2,035",1622.354207,"1,540",1227.727508
35018,Burlington North—Milton West,Ontario,"125,575",45,35.83515827,"1,380",1098.944854,30,23.89010551,"1,930",1536.930121,"2,385",1899.263388,690,549.4724268,"2,520",2006.768863,"4,280",3408.32172
35019,Cambridge,Ontario,"119,493",50,41.84345527,620,518.8588453,40,33.47476421,340,284.5354958,"2,490",2083.804072,265,221.7703129,"1,395",1167.432402,"1,070",895.4499427
35020,Carleton,Ontario,"124,416",15,12.05632716,295,237.1077675,25,20.0938786,"2,280",1832.561728,645,518.4220679,615,494.3094136,"1,085",872.0743313,"2,420",1945.087449
35021,Chatham-Kent—Leamington,Ontario,"134,226",30,22.35036431,805,599.7347757,15,11.17518216,190,141.5523073,240,178.8029145,110,81.95133581,"1,855",1381.997527,"1,115",830.6885402
35022,Davenport,Ontario,"125,048",260,207.9201587,1955,1563.399655,75,59.97696884,"1,330",1063.591581,345,275.8940567,"2,750",2199.155524,"6,430",5142.025462,620,495.8096091
35023,Don Valley North,Ontario,"111,122",260,233.9770702,2710,2438.761001,95,85.49162182,"14,325",12891.23666,380,341.9664873,"9,190",8270.189521,"2,280",2051.798924,"2,170",1952.808625
35024,Don Valley West,Ontario,"120,579",300,248.7995422,3710,3076.821005,85,70.49320363,"3,970",3292.447275,525,435.3991989,"2,715",2251.635857,"2,125",1762.330091,"2,600",2156.262699
35025,Dufferin—Caledon,Ontario,"120,812",40,33.10929378,450,372.479555,15,12.41598517,195,161.4078072,"3,640",3012.945734,110,91.05055789,"1,350",1117.438665,290,240.0423799
35026,Eglinton—Lawrence,Ontario,"115,832",940,811.5201326,6135,5296.463844,255,220.146419,"1,880",1623.040265,145,125.1812971,"1,485",1282.029146,"3,830",3306.512881,450,388.4936805
35027,Elgin—St. Thomas—London South,Ontario,"112,448",10,8.892999431,260,231.2179852,10,8.892999431,140,124.501992,605,538.0264656,145,128.9484917,775,689.2074559,"1,045",929.3184405
35028,Essex,Ontario,"131,691",10,7.593533347,295,224.0092337,5,3.796766674,735,558.124701,"1,035",785.9307014,255,193.6351003,905,687.2147679,"1,425",1082.078502
35029,Etobicoke Centre,Ontario,"125,606",130,103.4982405,"1,975",1572.377116,75,59.71052338,"1,620",1289.747305,565,449.8192761,"1,155",919.5420601,"3,910",3112.908619,"1,255",999.1560913
35030,Etobicoke—Lakeshore,Ontario,"120,956",85,70.27348788,1705,1409.603492,40,33.06987665,"1,445",1194.649294,445,367.9023777,"1,135",938.3577499,"3,425",2831.608188,"1,090",901.1541387
35031,Etobicoke North,Ontario,"116,886",325,278.048697,2760,2361.275089,105,89.8311175,435,372.1574868,"8,105",6934.106736,585,500.4876546,"4,750",4063.788649,"1,890",1616.960115
35032,Flamborough—Glanbrook—Brant North,Ontario,"103,836",5,4.815285643,305,293.7324242,5,4.815285643,410,394.8534227,920,886.0125583,145,139.6432836,880,847.4902731,755,727.1081321
35033,Guelph,Ontario,"118,498",40,33.75584398,800,675.1168796,70,59.07272697,"1,055",890.310385,"1,315",1109.723371,835,704.6532431,"1,375",1160.357137,945,797.481814
35034,Haldimand—Norfolk,Ontario,"116,706",20,17.1370795,205,175.6550649,0,0,100,85.68539749,100,85.68539749,65,55.69550837,450,385.5842887,145,124.2438264
35035,Haliburton—Kawartha Lakes,Ontario,"119,150",5,4.196391104,130,109.1061687,0,0,120,100.7133865,90,75.53503987,145,121.695342,190,159.4628619,60,50.35669324
35036,Hamilton Centre,Ontario,"126,188",90,71.32215425,1040,824.1671157,30,23.77405142,"1,035",820.2047738,355,281.3262751,585,463.5940026,"2,630",2084.191841,"2,240",1775.129172
35037,Hamilton East—Stoney Creek,Ontario,"126,570",50,39.50383187,840,663.6643754,50,39.50383187,315,248.8741408,"3,575",2824.523979,280,221.2214585,"2,150",1698.66477,"2,910",2299.123015
35038,Hamilton Mountain,Ontario,"115,634",185,159.9875469,2265,1958.766453,60,51.88785305,635,549.1464448,845,730.7539305,720,622.6542366,"2,555",2209.557743,"3,445",2979.227563
35039,Hamilton West—Ancaster—Dundas,Ontario,"120,551",55,45.62384385,680,564.0766149,35,29.03335518,"2,850",2364.144636,855,709.2433908,840,696.8005243,"1,810",1501.439225,"3,290",2729.135387
35040,Hastings—Lennox and Addington—Tyendinaga,Ontario,"106,468",10,9.392493519,125,117.406169,5,4.69624676,115,108.0136755,110,103.3174287,75,70.44370139,235,220.7235977,80,75.13994815
35041,Humber River—Black Creek,Ontario,"111,593",770,690.0074377,4310,3862.249424,155,138.8976011,720,645.20176,"1,995",1787.746543,"1,765",1581.640425,"7,735",6931.438352,"1,045",936.4386655
35042,Huron—Bruce,Ontario,"112,929",5,4.42756068,170,150.5370631,15,13.28268204,100,88.55121359,145,128.3992597,55,48.70316748,275,243.5158374,175,154.9646238
35043,Kanata,Ontario,"121,458",60,49.39979252,650,535.164419,40,32.93319501,"5,760",4742.380082,775,638.0806534,"1,510",1243.228112,"1,510",1243.228112,"3,525",2902.237811
35044,Kapuskasing—Timmins—Mushkegowuk,Ontario,"93,948",15,15.96627922,175,186.2732575,10,10.64418615,50,53.22093073,445,473.6662835,85,90.47558224,125,133.0523268,40,42.57674458
35045,Kenora—Kiiwetinoong,Ontario,"61,962",20,32.27784771,200,322.7784771,25,40.34730964,20,32.27784771,80,129.1113909,35,56.4862335,60,96.83354314,25,40.34730964
35046,Kingston and the Islands,Ontario,"134,415",45,33.47840643,515,383.1417625,25,18.59911468,"1,630",1212.662277,520,386.8615854,445,331.0642413,"1,080",803.4817543,"1,230",915.0764424
35047,King—Vaughan,Ontario,"124,401",90,72.34668532,1225,984.7187724,15,12.05778089,"5,185",4167.972926,"1,960",1575.550036,"2,315",1860.917517,"2,715",2182.45834,"1,175",944.5261694
35048,Kitchener Centre,Ontario,"113,404",20,17.63606222,385,339.4941977,30,26.45409333,885,780.3957532,945,833.3039399,340,299.8130577,"2,185",1926.739798,"2,050",1807.696378
35049,Kitchener—Conestoga,Ontario,"112,953",5,4.426619922,140,123.9453578,20,17.70647969,685,606.4469293,"1,780",1575.876692,335,296.5835347,"1,740",1540.463733,"1,675",1482.917674
35050,Kitchener South—Hespeler,Ontario,"119,851",30,25.03108026,830,692.5265538,30,25.03108026,"1,070",892.7751959,"4,005",3341.649214,310,258.654496,"3,065",2557.342033,"2,110",1760.519311
35051,Lanark—Frontenac,Ontario,"103,120",10,9.697439876,75,72.73079907,5,4.848719938,70,67.88207913,45,43.63847944,55,53.33591932,220,213.3436773,155,150.3103181
35052,Leeds—Grenville—Thousand Islands—Rideau Lakes,Ontario,"104,075",5,4.80422772,95,91.28032669,5,4.80422772,125,120.105693,165,158.5395148,85,81.67187125,245,235.4071583,145,139.3226039
35053,London Centre,Ontario,"126,597",60,47.39448802,880,695.1191576,90,71.09173203,"2,260",1785.192382,750,592.4311003,465,367.3072822,"2,855",2255.187722,"2,700",2132.751961
35054,London—Fanshawe,Ontario,"126,286",100,79.18534121,"1,085",859.1609521,85,67.30754003,305,241.5152907,"1,220",966.0611628,435,344.4562343,"3,460",2739.812806,"5,175",4097.841408
35055,London West,Ontario,"114,374",35,30.60136045,315,275.412244,15,13.11486876,"2,125",1857.939742,515,450.2771609,505,441.5339151,"3,480",3042.649553,"5,160",4511.514855
35056,Markham—Stouffville,Ontario,"120,845",75,62.06297323,1720,1423.310853,45,37.23778394,"10,135",8386.776449,685,566.8418222,"18,420",15242.66623,"1,015",839.9189044,"1,080",893.7068145
35057,Markham—Thornhill,Ontario,"111,087",100,90.01953424,"1,490",1341.29106,45,40.50879041,"14,170",12755.768,"2,530",2277.494216,"19,330",17400.77597,685,616.6338095,735,661.6435767
35058,Markham—Unionville,Ontario,"116,972",30,25.64716342,810,692.4734124,10,8.549054475,"24,425",20881.06555,405,346.2367062,"34,740",29699.41524,620,530.0413774,920,786.5130117
35059,Middlesex—London,Ontario,"115,610",15,12.97465617,285,246.5184673,5,4.324885391,"2,090",1807.802093,590,510.3364761,430,371.9401436,"1,345",1163.39417,"1,590",1375.313554
35060,Milton East—Halton Hills South,Ontario,"116,592",60,51.46150679,"1,275",1093.557019,40,34.3076712,"1,010",866.2686977,"1,925",1651.056676,435,373.0959242,"2,260",1938.383423,"2,880",2470.152326
35061,Mississauga Centre,Ontario,"124,084",140,112.8267948,"3,960",3191.38648,100,80.59056768,"6,555",5282.711711,"3,090",2490.248541,"4,700",3787.756681,"2,690",2167.886271,"7,820",6302.182393
35062,Mississauga East—Cooksville,Ontario,"120,196",190,158.0751439,"4,015",3340.377384,160,133.1159107,"2,290",1905.221472,980,815.3349529,"1,385",1152.284602,"3,700",3078.305434,"5,170",4301.307864
35063,Mississauga—Erin Mills,Ontario,"120,241",95,79.00799228,"2,660",2212.223784,45,37.42483845,"5,925",4927.603729,"1,620",1347.294184,"3,020",2511.622491,"2,240",1862.925292,"9,645",8021.390374
35064,Mississauga—Lakeshore,Ontario,"119,936",105,87.54669157,"1,850",1542.489328,50,41.68890075,"2,900",2417.956243,770,642.0090715,"1,105",921.3247065,"2,280",1901.013874,"2,850",2376.267343
35065,Mississauga—Malton,Ontario,"119,741",55,45.93247092,"1,800",1503.244503,100,83.51358348,"2,050",1712.028461,"12,190",10180.30583,"2,360",1970.92057,"2,010",1678.623028,"3,235",2701.664426
35066,Mississauga—Streetsville,Ontario,"113,763",80,70.32163357,2625,2307.428602,65,57.13632728,"3,455",3037.01555,"2,040",1793.201656,"2,255",1982.191046,"2,850",2505.208196,"4,550",3999.542909
35067,Nepean,Ontario,"122,229",95,77.72296264,615,503.153916,60,49.08818693,"5,275",4315.669767,"1,405",1149.481711,"1,945",1591.275393,"1,660",1358.106505,"6,510",5326.068282
35068,Newmarket—Aurora,Ontario,"117,699",90,76.46624015,1180,1002.557371,50,42.48124453,"7,655",6503.878538,190,161.4287292,"4,675",3971.996364,"1,695",1440.11419,"1,055",896.3542596
35069,New Tecumseth—Gwillimbury,Ontario,"119,358",45,37.70170412,670,561.3364835,20,16.75631294,"1,925",1612.795121,870,728.8996129,"1,540",1290.236096,"2,335",1956.299536,805,674.4415959
35070,Niagara Falls—Niagara-on-the-Lake,Ontario,"113,503",65,57.2672088,1470,1295.119953,80,70.48271852,"1,300",1145.344176,"1,205",1061.645948,635,559.4565782,"1,640",1444.89573,795,700.4220153
35071,Niagara South,Ontario,"132,500",20,15.09433962,460,347.1698113,20,15.09433962,605,456.6037736,400,301.8867925,220,166.0377358,"1,385",1045.283019,410,309.4339623
35072,Niagara West,Ontario,"112,065",25,22.30848168,310,276.6251729,20,17.84678535,535,477.4015081,325,290.0102619,120,107.0807121,"1,070",954.8030161,465,414.9377593
35073,Nipissing—Timiskaming,Ontario,"98,237",10,10.17946395,115,117.0638354,10,10.17946395,115,117.0638354,155,157.7816912,105,106.8843715,180,183.2303511,70,71.25624765
35074,Northumberland—Clarke,Ontario,"106,574",35,32.84103065,220,206.4293355,10,9.383151613,200,187.6630323,75,70.3736371,120,112.5978194,365,342.4850339,165,154.8220016
35075,Oakville East,Ontario,"108,735",15,13.79500621,775,712.7419874,15,13.79500621,"9,730",8948.360693,"1,370",1259.9439,"1,710",1572.630708,"2,080",1912.907527,"4,030",3706.258334
35076,Oakville West,Ontario,"105,024",110,104.7379647,1060,1009.293114,40,38.0865326,"5,090",4846.511274,"1,170",1114.031079,820,780.7739183,"2,795",2661.296466,"3,320",3161.182206
35077,Orléans,Ontario,"126,918",45,35.45596369,620,488.5043887,35,27.57686065,"1,000",787.9103043,615,484.5648371,835,657.9051041,"1,660",1307.931105,"4,935",3888.337352
35078,Oshawa,Ontario,"131,067",65,49.59295627,"1,230",938.4513264,55,41.96327069,440,335.7061655,285,217.446039,415,316.6319516,"1,250",953.7106976,540,412.0030214
35079,Ottawa Centre,Ontario,"126,560",60,47.40834387,370,292.3514539,25,19.75347661,"2,265",1789.664981,295,233.091024,"1,430",1129.898862,"1,995",1576.327434,"2,855",2255.847029
35080,Ottawa South,Ontario,"126,791",160,126.1919221,1290,1017.422372,40,31.54798053,"1,855",1463.037597,735,579.6941423,"1,205",950.3829136,"2,140",1687.816959,"13,410",10576.46047
35081,Ottawa—Vanier—Gloucester,Ontario,"126,999",115,90.55189411,920,724.4151529,35,27.55927212,"1,525",1200.796857,240,188.977866,705,555.1224813,"2,360",1858.282349,"5,075",3996.094457
35082,Ottawa West—Nepean,Ontario,"128,592",115,89.43013562,1185,921.5192236,75,58.32400149,"2,375",1846.926714,910,707.6645514,"1,435",1115.932562,"1,745",1357.005101,"5,080",3950.479034
35083,Oxford,Ontario,"121,781",10,8.211461558,270,221.7094621,20,16.42292312,130,106.7490003,"1,905",1564.283427,90,73.90315402,605,496.7934243,170,139.5948465
35084,Parry Sound—Muskoka,Ontario,"104,504",5,4.784505856,95,90.90561127,5,4.784505856,70,66.98308199,100,95.69011712,90,86.12110541,185,177.0267167,50,47.84505856
35085,Perth—Wellington,Ontario,"113,929",40,35.10958579,235,206.2688165,15,13.16609467,135,118.4948521,195,171.1592307,65,57.05307692,470,412.5376331,200,175.547929
35086,Peterborough,Ontario,"128,349",25,19.47814163,250,194.7814163,50,38.95628326,385,299.9633811,255,198.6770446,185,144.1382481,435,338.9196644,450,350.6065493
35087,Pickering—Brooklin,Ontario,"122,430",80,65.34346157,"1,850",1511.067549,55,44.92362983,"1,110",906.6405293,685,559.5033897,975,796.3734379,"1,315",1074.08315,"1,295",1057.747284
35088,Prescott—Russell—Cumberland,Ontario,"109,125",0,0,115,105.3837342,5,4.581901489,115,105.3837342,65,59.56471936,70,64.14662085,470,430.69874,460,421.534937
35089,Richmond Hill South,Ontario,"124,748",105,84.16968609,1430,1146.310963,35,28.05656203,"15,015",12036.26511,300,240.4848174,"17,485",14016.25677,"1,425",1142.302883,"1,475",1182.383686
35090,Sarnia—Lambton—Bkejwanong,Ontario,"128,154",25,19.5077797,240,187.2746851,15,11.70466782,195,152.1606817,275,214.5855767,130,101.4404545,670,522.808496,290,226.2902445
35091,Sault Ste. Marie—Algoma,Ontario,"113,772",5,4.394754421,120,105.4741061,5,4.394754421,125,109.8688605,240,210.9482122,80,70.31607074,290,254.8957564,155,136.2373871
35092,Scarborough—Agincourt,Ontario,"123,969",330,266.1955812,3605,2907.985061,115,92.76512677,"21,300",17181.71478,530,427.5262364,"19,270",15544.20863,"1,260",1016.383128,"2,605",2101.331785
35093,Scarborough Centre—Don Valley East,Ontario,"111,377",615,552.1786365,"5,665",5086.328416,190,170.5917739,"3,175",2850.678327,550,493.8182928,"2,695",2419.709635,"2,270",2038.122772,"4,250",3815.868626
35094,Scarborough—Guildwood—Rouge Park,Ontario,"114,100",310,271.6914987,"4,510",3952.673094,100,87.64241893,"1,455",1275.197195,"1,390",1218.229623,"1,575",1380.368098,"1,090",955.3023663,815,714.2857143
35095,Scarborough North,Ontario,"116,177",400,344.3022285,"4,740",4079.981408,140,120.50578,"11,840",10191.34596,"1,415",1217.969133,"20,360",17524.98343,840,723.0346798,945,813.4140148
35096,Scarborough Southwest,Ontario,"123,232",440,357.0501169,"5,045",4093.904181,200,162.2955077,"1,585",1286.191898,735,596.4359907,"2,595",2105.784212,"1,580",1282.134511,"1,120",908.8548429
35097,Scarborough—Woburn,Ontario,"110,589",375,339.0933999,"5,640",5099.964734,165,149.2010959,"2,785",2518.33365,"1,090",985.6314823,"2,965",2681.098482,"1,230",1112.226352,"1,335",1207.172504
35098,Simcoe—Grey,Ontario,"107,836",15,13.9100115,240,222.560184,5,4.6366705,165,153.0101265,300,278.20023,150,139.100115,710,658.4072109,80,74.18672799
35099,Simcoe North,Ontario,"112,022",5,4.463408973,300,267.8045384,10,8.926817946,205,182.9997679,150,133.9022692,170,151.7559051,295,263.3411294,60,53.56090768
35100,Spadina—Harbourfront,Ontario,"105,739",20,18.91449702,860,813.3233717,30,28.37174552,"6,305",5962.795184,620,586.3494075,"3,385",3201.27862,"3,270",3092.520262,"1,725",1631.375368
35101,St. Catharines,Ontario,"119,873",55,45.88189167,675,563.0959432,20,16.68432424,"1,070",892.611347,215,179.3564856,300,250.2648636,"2,465",2056.342963,"1,430",1192.929183
35102,Stormont—Dundas—Glengarry,Ontario,"114,637",0,0,170,148.2941808,0,0,70,61.06230973,280,244.2492389,70,61.06230973,365,318.3963293,315,274.7803938
35103,Sudbury,Ontario,"114,384",30,26.2274444,175,152.9934257,15,13.1137222,355,310.358092,465,406.5253882,175,152.9934257,625,546.4050916,380,332.2142957
35104,Sudbury East—Manitoulin—Nickel Belt,Ontario,"99,827",0,0,40,40.06931992,5,5.00866499,40,40.06931992,25,25.04332495,35,35.06065493,130,130.2252898,30,30.05198994
35105,Taiaiako'n—Parkdale—High Park,Ontario,"117,873",140,118.7718986,1455,1234.379374,60,50.90224224,985,835.6451435,240,203.608969,"1,290",1094.398208,"3,205",2719.028107,680,576.8920788
35106,Thornhill,Ontario,"124,866",365,292.3133599,2770,2218.378101,55,44.04721862,"6,655",5329.713453,570,456.4893566,"4,010",3211.442667,"2,110",1689.811478,715,572.613842
35107,Thunder Bay—Rainy River,Ontario,"82,357",10,12.1422587,190,230.7029154,15,18.21338805,60,72.85355222,120,145.7071044,90,109.2803283,180,218.5606567,70,84.99581092
35108,Thunder Bay—Superior North,Ontario,"86,147",5,5.804032642,115,133.4927508,10,11.60806528,320,371.4580891,145,168.3169466,110,127.6887181,250,290.2016321,300,348.2419585
35109,Toronto Centre,Ontario,"121,703",275,225.9599188,"2,840",2333.549707,80,65.73379457,"5,750",4724.616484,395,324.5606107,"3,040",2497.884193,"3,685",3027.862912,"2,000",1643.344864
35110,Toronto—Danforth,Ontario,"105,472",60,56.88713592,1100,1042.930825,15,14.22178398,"2,110",2000.530947,240,227.5485437,"5,650",5356.871966,"1,660",1573.877427,540,511.9842233
35111,Toronto—St. Paul's,Ontario,"125,438",275,219.2318117,2305,1837.561186,95,75.73462587,"2,210",1761.82656,155,123.5670212,"1,680",1339.307068,"4,075",3248.616847,875,697.5557646
35112,University—Rosedale,Ontario,"123,812",25,20.19190385,875,706.7166349,20,16.15352308,"10,185",8226.18163,240,193.842277,"5,875",4745.097406,"2,775",2241.301328,"1,590",1284.205085
35113,Vaughan—Woodbridge,Ontario,"121,705",80,65.73271435,1010,829.8755187,10,8.216589294,"2,590",2128.096627,"2,680",2202.045931,"1,465",1203.730332,"3,645",2994.946798,"1,565",1285.896224
35114,Waterloo,Ontario,"121,436",25,20.58697586,445,366.4481702,20,16.46958068,"7,435",6122.566619,"1,400",1152.870648,"1,050",864.6529859,"1,770",1457.557891,"2,630",2165.74986
35115,Wellington—Halton Hills North,Ontario,"105,468",5,4.740774453,385,365.0396329,20,18.96309781,"1,105",1047.711154,"1,410",1336.898396,330,312.8911139,810,768.0054614,435,412.4473774
35116,Whitby,Ontario,"115,257",45,39.04318176,1180,1023.798988,35,30.36691915,"1,775",1540.036614,575,498.8851003,980,850.2737361,"1,295",1123.576008,855,741.8204534
35117,Willowdale,Ontario,"118,218",550,465.2421797,3720,3146.728925,155,131.1137052,"14,495",12261.24617,230,194.5558206,"7,860",6648.733695,"2,105",1780.608706,"1,485",1256.153885
35118,Windsor—Tecumseh—Lakeshore,Ontario,"131,097",35,26.69778866,785,598.79326,30,22.88381885,435,331.8153733,"1,130",861.9571767,365,278.419796,"1,480",1128.935063,"5,040",3844.481567
35119,Windsor West,Ontario,"130,162",30,23.04820147,890,683.7633103,30,23.04820147,"3,125",2400.85432,"2,115",1624.898204,"1,245",956.5003611,"1,555",1194.66511,"10,780",8281.987062
35120,York Centre,Ontario,"108,307",1645,1518.830731,"10,245",9459.222396,380,350.8545154,"1,400",1292.621899,345,318.5389679,"1,210",1117.194641,"5,500",5078.15746,685,632.4614291
35121,York—Durham,Ontario,"116,560",15,12.86890872,330,283.1159918,20,17.15854496,"1,450",1243.994509,160,137.2683596,"1,340",1149.622512,615,527.6252574,245,210.1921757
35122,York South—Weston—Etobicoke,Ontario,"111,369",535,480.3850264,3305,2967.612172,90,80.81243434,370,332.2288967,255,228.968564,925,830.5722418,"7,855",7053.129686,545,489.3641857
46001,Brandon—Souris,Manitoba,"93,930",25,26.61556478,800,851.698073,60,63.87735548,"1,000",1064.622591,475,505.6957309,380,404.5565847,"2,130",2267.646119,150,159.6933887
46002,Churchill—Keewatinook Aski,Manitoba,"82,741",15,18.12885994,175,211.5033659,10,12.08590662,55,66.47248643,445,537.8228448,15,18.12885994,70,84.60134637,70,84.60134637
46003,Elmwood—Transcona,Manitoba,"99,504",100,100.4984724,"4,425",4447.057405,135,135.6729378,195,195.9720212,"4,195",4215.910918,525,527.6169802,"1,385",1391.903843,620,623.090529
46004,Kildonan—St. Paul,Manitoba,"99,467",180,180.964541,"5,425",5454.070194,110,110.5894417,100,100.5358561,"3,285",3302.602873,240,241.2860547,840,844.5011913,295,296.5807755
46005,Portage—Lisgar,Manitoba,"94,840",35,36.90425981,"1,190",1254.744833,45,47.44833404,95,100.1687052,455,479.7553775,45,47.44833404,520,548.29186,205,216.1535217
46006,Provencher,Manitoba,"100,332",55,54.81800423,"1,130",1126.260814,70,69.76836901,35,34.88418451,355,353.8253,40,39.86763944,385,383.7260296,105,104.6525535
46007,Riding Mountain,Manitoba,"90,962",50,54.96800862,"2,095",2303.159561,175,192.3880302,35,38.47760603,100,109.9360172,75,82.45201293,160,175.8976276,35,38.47760603
46008,St. Boniface—St. Vital,Manitoba,"99,975",60,60.01500375,"1,650",1650.412603,30,30.00750188,915,915.2288072,"1,465",1465.366342,730,730.1825456,980,980.2450613,"1,150",1150.287572
46009,Selkirk—Interlake—Eastman,Manitoba,"98,620",5,5.069965524,350,354.8975867,10,10.13993105,30,30.41979315,340,344.7576556,45,45.62968972,210,212.938552,50,50.69965524
46010,Winnipeg Centre,Manitoba,"96,951",295,304.2774185,"10,325",10649.70965,185,190.8180421,475,489.9382162,"1,045",1077.864076,710,732.3287021,"1,090",1124.279275,920,948.9329661
46011,Winnipeg North,Manitoba,"95,082",510,536.3791254,"17,840",18762.75215,225,236.6378494,80,84.13790202,"14,430",15176.37408,495,520.6032688,405,425.948129,175,184.0516607
46012,Winnipeg South,Manitoba,"99,793",50,50.10371469,"1,640",1643.401842,20,20.04148588,"7,335",7350.214945,"4,270",4278.857234,"2,375",2379.926448,"1,065",1067.209123,"1,845",1848.827072
46013,Winnipeg South Centre,Manitoba,"95,882",90,93.86537619,"1,660",1731.294716,45,46.9326881,"1,815",1892.951753,"1,755",1830.374836,860,896.9358169,"1,555",1621.785111,540,563.1922571
46014,Winnipeg West,Manitoba,"94,074",40,42.51971852,"1,830",1945.277122,30,31.88978889,295,313.5829241,700,744.0950741,255,271.0632056,730,775.984863,315,334.8427833
47001,Battlefords—Lloydminster—Meadow Lake,Saskatchewan,"83,248",60,72.07380357,"2,015",2420.47857,95,114.1168557,80,96.09840477,190,228.2337113,120,144.1476071,195,234.2398616,45,54.05535268
47002,Carlton Trail—Eagle Creek,Saskatchewan,"84,111",55,65.38978255,825,980.8467382,15,17.83357706,160,190.224822,205,243.7255531,35,41.6116798,200,237.7810275,25,29.72262843
47003,Desnethé—Missinippi—Churchill River,Saskatchewan,"37,845",0,0,80,211.3885586,0,0,10,26.42356982,25,66.05892456,0,0,10,26.42356982,5,13.21178491
47004,Moose Jaw—Lake Centre—Lanigan,Saskatchewan,"83,319",10,12.00206436,965,1158.19921,60,72.01238613,255,306.0526411,195,234.0402549,165,198.0340619,210,252.0433515,115,138.0237401
47005,Prince Albert,Saskatchewan,"88,521",25,28.24188611,1310,1479.874832,70,79.0772811,60,67.78052665,330,372.7928966,75,84.72565832,225,254.176975,140,158.1545622
47006,Regina—Lewvan,Saskatchewan,"86,899",175,201.383215,"2,170",2497.151866,150,172.6141843,855,983.9008504,"1,740",2002.324538,325,373.9973993,435,500.5811344,515,592.6420327
47007,Regina—Qu'Appelle,Saskatchewan,"89,275",175,196.0235228,"1,985",2223.466816,140,156.8188183,190,212.8255391,600,672.0806497,135,151.2181462,300,336.0403248,395,442.4530944
47008,Regina—Wascana,Saskatchewan,"89,063",95,106.6660678,"1,970",2211.917407,140,157.1921,"2,190",2458.933564,"1,735",1948.059239,810,909.4685784,565,634.3824035,865,971.2226177
47009,Saskatoon South,Saskatchewan,"89,562",90,100.4890467,"1,180",1317.523057,125,139.5681204,"2,645",2953.261428,785,876.4877962,865,965.8113932,575,642.0133539,895,999.3077421
47010,Saskatoon—University,Saskatchewan,"88,714",75,84.54133508,"1,490",1679.554524,70,78.90524607,"2,205",2485.515251,900,1014.496021,535,603.0615235,630,710.1472146,875,986.3155759
47011,Saskatoon West,Saskatchewan,"87,865",190,216.240824,"4,865",5536.903204,255,290.217948,230,261.765208,"1,400",1593.35344,425,483.69658,940,1069.823024,555,631.650828
47012,Souris—Moose Mountain,Saskatchewan,"75,208",55,73.13051803,"1,440",1914.689927,105,139.6128071,65,86.42697585,130,172.8539517,60,79.77874694,180,239.3362408,50,66.48228912
47013,Swift Current—Grasslands—Kindersley,Saskatchewan,"75,686",30,39.63744946,"1,375",1816.716434,85,112.3061068,95,125.51859,110,145.3373147,130,171.762281,215,284.0683878,100,132.1248315
47014,Yorkton—Melville,Saskatchewan,"73,189",45,61.48464933,"1,010",1379.988796,50,68.31627704,105,143.4641818,200,273.2651081,9,12.29692987,230,314.2548744,35,47.82139393
48001,Airdrie—Cochrane,Alberta,"115,230",70,60.74806908,"1,700",1475.310249,55,47.73062571,270,234.3139807,"1,535",1332.118372,290,251.6705719,"1,625",1410.223032,370,321.0969366
48002,Battle River—Crowfoot,Alberta,"110,212",50,45.36711066,"1,405",1274.81581,70,63.51395492,80,72.58737706,130,117.9544877,110,99.80764345,500,453.6711066,110,99.80764345
48003,Bow River,Alberta,"112,763",125,110.8519639,"1,935",1715.9884,175,155.1927494,320,283.7810275,"3,565",3161.498009,260,230.5720848,"1,425",1263.712388,610,540.9575836
48004,Calgary Centre,Alberta,"120,536",105,87.11090463,"1,840",1526.5149,70,58.07393642,"2,220",1841.773412,425,352.5917568,"2,220",1841.773412,"2,970",2463.994159,"1,470",1219.552665
48005,Calgary Confederation,Alberta,"119,508",85,71.12494561,"1,260",1054.322723,60,50.20584396,"2,860",2393.145229,465,389.0952907,"2,955",2472.637815,"2,205",1845.064766,"1,215",1016.66834
48006,Calgary Crowfoot,Alberta,"117,541",110,93.58436631,"1,960",1667.503254,80,68.06135731,"4,830",4109.204448,"1,350",1148.535405,"3,645",3101.045593,"2,635",2241.770957,"1,710",1454.811513
48007,Calgary East,Alberta,"119,550",685,572.9820159,"6,365",5324.132162,235,196.5704726,505,422.4173986,755,631.5349226,"1,675",1401.087411,"2,340",1957.340025,"3,275",2739.439565
48008,Calgary Heritage,Alberta,"119,557",685,572.9484681,"5,275",4412.121415,240,200.7410691,"3,230",2701.640222,315,263.4726532,"1,165",974.4306063,"2,695",2254.154922,"1,085",907.5169166
48009,Calgary McKnight,Alberta,"123,148",525,426.3163023,"6,435",5225.41982,255,207.0679183,330,267.9702472,"23,545",19119.27112,"1,900",1542.858999,"2,470",2005.716699,"3,740",3036.996135
48010,Calgary Midnapore,Alberta,"118,694",275,231.6882066,"4,345",3660.673665,245,206.4131296,"2,000",1685.005139,430,362.2761049,"1,065",897.2652367,"3,015",2540.145247,775,652.9394915
48011,Calgary Nose Hill,Alberta,"117,677",135,114.7208036,"2,295",1950.25366,110,93.4762103,"6,465",5493.851815,"1,165",989.9980455,"8,695",7388.869533,"2,325",1975.747172,"2,205",1873.773125
48012,Calgary Shepard,Alberta,"115,093",295,256.3144587,"4,195",3644.87849,215,186.805453,"1,555",1351.081299,"1,080",938.3715778,755,655.9912419,"3,150",2736.917102,"1,030",894.9284492
48013,Calgary Signal Hill,Alberta,"120,203",170,141.4274186,"1,820",1514.105305,100,83.19259919,"3,715",3090.60506,585,486.6767052,"2,230",1855.194962,"2,715",2258.679068,"2,360",1963.345341
48014,Calgary Skyview,Alberta,"115,277",360,312.2912637,"5,580",4840.514587,230,199.5194184,"3,560",3088.213607,"13,560",11762.97093,"5,755",4992.32284,"2,655",2303.148069,"1,530",1327.237871
48015,Edmonton Centre,Alberta,"115,160",225,195.3803404,"3,400",2952.414033,190,164.987843,"1,505",1306.877388,415,360.3681834,"1,435",1246.092393,"1,950",1693.296283,"1,470",1276.484891
48016,Edmonton Gateway,Alberta,"110,184",300,272.2718362,"5,345",4850.976548,275,249.5825165,"2,665",2418.681478,"5,225",4742.067814,"2,265",2055.652363,"2,295",2082.879547,"1,355",1229.761127
48017,Edmonton Griesbach,Alberta,"111,126",125,112.484927,"2,375",2137.213613,130,116.9843241,805,724.40293,525,472.4366935,"3,235",2911.109911,"1,835",1651.278729,"4,065",3658.009827
48018,Edmonton Manning,Alberta,"112,180",140,124.7994295,"3,135",2794.615796,205,182.7420218,840,748.7965769,"3,480",3102.157247,"2,800",2495.98859,"2,615",2331.075058,"3,035",2705.473346
48019,Edmonton Northwest,Alberta,"112,964",400,354.0951099,"6,200",5488.474204,265,234.5880103,"1,515",1341.135229,875,774.583053,"2,810",2487.518147,"1,600",1416.38044,"5,190",4594.384052
48020,Edmonton Riverbend,Alberta,"111,578",135,120.9915933,"2,320",2079.262937,155,138.9162738,"6,355",5695.567227,"1,965",1761.099858,"3,705",3320.547061,"1,895",1698.363477,"1,805",1617.702414
48021,Edmonton Southeast,Alberta,"113,208",320,282.665536,"5,085",4491.732033,260,229.665748,325,287.082185,"22,840",20175.25263,880,777.330224,"2,175",1921.242315,555,490.248039
48022,Edmonton Strathcona,Alberta,"111,556",95,85.15902327,"1,580",1416.329019,125,112.0513464,"2,970",2662.339991,475,425.7951164,"1,395",1250.493026,"1,595",1429.77518,"1,120",1003.980064
48023,Edmonton West,Alberta,"112,943",535,473.6902685,"6,205",5493.921713,320,283.3287588,"2,610",2310.900189,905,801.2891459,"2,395",2120.538679,"1,675",1483.048972,"1,545",1367.946663
48024,Foothills,Alberta,"114,930",75,65.25711303,"1,630",1418.25459,95,82.65900983,115,100.0609066,255,221.8741843,110,95.71043244,805,700.4263465,140,121.8132776
48025,Fort McMurray—Cold Lake,Alberta,"110,504",220,199.0878158,"3,595",3253.2759,135,122.1675233,465,420.7992471,385,348.4036777,155,140.2664157,720,651.5601245,"1,030",932.0929559
48026,Grande Prairie,Alberta,"112,902",220,194.8592585,2350,2081.45117,135,119.5727268,140,124.0013463,590,522.5771023,175,155.0016829,595,527.0057218,260,230.2882146
48027,Lakeland,Alberta,"105,652",75,70.98777117,"1,440",1362.965207,75,70.98777117,90,85.18532541,185,175.1031689,70,66.2552531,320,302.881157,145,137.2430243
48028,Leduc—Wetaskiwin,Alberta,"114,237",70,61.27611895,"1,880",1645.70148,60,52.52238767,90,78.7835815,"1,290",1129.231335,100,87.53731278,595,520.847011,145,126.9291035
48029,Lethbridge,Alberta,"123,847",40,32.29791598,"1,390",1122.35258,110,88.81926894,325,262.4205673,340,274.5322858,390,314.9046808,"1,945",1570.486164,695,561.1762901
48030,Medicine Hat—Cardston—Warner,Alberta,"103,819",40,38.52859303,705,679.0664522,40,38.52859303,140,134.8500756,230,221.5394099,165,158.9304463,710,683.8825263,365,351.5734114
48031,Parkland,Alberta,"114,679",65,56.67995012,"1,190",1037.679087,55,47.9599578,75,65.39994245,235,204.9198197,100,87.19992326,355,309.5597276,145,126.4398887
48032,Peace River—Westlock,Alberta,"113,907",80,70.23273372,"1,930",1694.364701,70,61.45364201,75,65.84318786,125,109.7386464,85,74.62227958,290,254.5936597,190,166.8027426
48033,Ponoka—Didsbury,Alberta,"114,521",55,48.02612621,"1,350",1178.823098,60,52.39213769,70,61.12416063,110,96.05225243,75,65.49017211,520,454.0651933,65,56.75814916
48034,Red Deer,Alberta,"115,044",360,312.9237509,4070,3537.776851,155,134.7310594,285,247.7313028,360,312.9237509,410,356.385383,"1,870",1625.465039,745,647.5783179
48035,Sherwood Park—Fort Saskatchewan,Alberta,"126,313",60,47.50104898,"1,735",1373.572,45,35.62578674,240,190.0041959,830,657.0978442,235,186.0457752,780,617.5136368,230,182.0873544
48036,St. Albert—Sturgeon River,Alberta,"121,306",45,37.09626894,"1,180",972.7466078,35,28.85265362,170,140.1414604,145,119.5324221,270,222.5776136,600,494.6169192,430,354.4754588
48037,Yellowhead,Alberta,"115,086",75,65.16865648,1870,1624.871835,75,65.16865648,325,282.3975114,390,338.8770137,285,247.6408946,620,538.7275603,195,169.4385069
59001,Abbotsford—South Langley,British Columbia,"116,265",75,64.50780544,975,838.6014708,60,51.60624436,690,593.4718101,"19,635",16888.14347,325,279.5338236,"1,115",959.0160409,575,494.5598417
59002,Burnaby Central,British Columbia,"120,734",295,244.3387944,3825,3168.121656,135,111.8160584,"17,430",14436.69555,"1,890",1565.424818,"12,645",10473.43747,"2,765",2290.15853,"1,065",882.104461
59003,Burnaby North—Seymour,British Columbia,"119,311",130,108.9589392,"1,400",1173.403961,55,46.09801276,"7,150",5992.741658,830,695.6609198,"9,665",8100.67806,"2,355",1973.833092,565,473.5523129
59004,Cariboo—Prince George,British Columbia,"117,160",25,21.33834073,615,524.923182,60,51.21201775,275,234.721748,"2,485",2121.031069,260,221.9187436,360,307.2721065,145,123.7623762
59005,Chilliwack—Hope,British Columbia,"119,082",55,46.18666129,675,566.8362977,55,46.18666129,620,520.6496364,"1,275",1070.690785,295,247.728456,900,755.7817302,185,155.3551334
59006,Cloverdale—Langley City,British Columbia,"117,050",205,175.1388296,2900,2477.573686,150,128.1503631,"1,580",1349.850491,"12,300",10508.32977,885,756.0871422,"1,815",1550.619393,750,640.7518155
59007,Columbia—Kootenay—Southern Rockies,British Columbia,"117,132",20,17.07475327,465,396.9880135,20,17.07475327,135,115.2545846,550,469.5557149,165,140.8667145,360,307.3455589,45,38.41819486
59008,Coquitlam—Port Coquitlam,British Columbia,"114,460",110,96.10344225,"2,095",1830.333741,100,87.36676568,"9,045",7902.323956,"1,225",1070.24288,"7,050",6159.356981,"2,195",1917.700507,965,843.0892888
59009,Courtenay—Alberni,British Columbia,"122,668",10,8.152085303,450,366.8438387,30,24.45625591,615,501.3532462,470,383.1480093,275,224.1823458,420,342.3875827,90,73.36876773
59010,Cowichan—Malahat—Langford,British Columbia,"124,115",50,40.28521935,935,753.3336019,65,52.37078516,650,523.7078516,995,801.6758651,325,261.8539258,815,656.6490755,260,209.4831406
59011,Delta,British Columbia,"117,734",110,93.43095452,1670,1418.451764,65,55.2092004,"4,640",3941.087536,"17,880",15186.77697,"2,665",2263.577216,"1,095",930.0626837,485,411.9455722
59012,Esquimalt—Saanich—Sooke,British Columbia,"120,170",65,54.09003911,"1,295",1077.64001,80,66.57235583,"1,010",840.4759923,"1,635",1360.572522,"1,030",857.1190813,"1,100",915.3698927,405,337.0225514
59013,Fleetwood—Port Kells,British Columbia,"117,423",530,451.3596144,6890,5867.674987,270,229.9379168,"5,950",5067.150388,"23,695",20179.18125,"2,335",1988.537169,"1,505",1281.69098,"2,130",1813.954677
59014,Kamloops—Shuswap—Central Rockies,British Columbia,"109,218",20,18.31199985,415,379.973997,25,22.88999982,200,183.1199985,475,434.9099965,175,160.2299987,315,288.4139977,90,82.40399934
59015,Kamloops—Thompson—Nicola,British Columbia,"111,707",25,22.37997619,440,393.8875809,25,22.37997619,435,389.4115857,"1,735",1553.170347,250,223.7997619,370,331.2236476,100,89.51990475
59016,Kelowna,British Columbia,"105,736",75,70.93137626,990,936.2941666,65,61.47385942,700,662.0261784,"2,630",2487.326927,405,383.0294318,900,851.1765151,500,472.8758417
59017,Langley Township—Fraser Heights,British Columbia,"117,251",85,72.49405122,"1,520",1296.36421,40,34.11484763,"7,585",6469.027983,"3,415",2912.555117,"1,555",1326.214702,"1,390",1185.490955,645,550.1019181
59018,Mission—Matsqui—Abbotsford,British Columbia,"118,415",50,42.22438036,650,548.9169446,25,21.11219018,645,544.6945066,"19,260",16264.83131,385,325.1277288,845,713.592028,295,249.1238441
59019,Nanaimo—Ladysmith,British Columbia,"122,857",35,28.48840522,715,581.9774209,45,36.62794957,"1,205",980.815094,"1,080",879.0707896,355,288.9538244,610,496.5122052,425,345.9306348
59020,New Westminster—Burnaby—Maillardville,British Columbia,"114,665",235,204.9448393,"4,470",3898.312475,175,152.6184974,"5,595",4879.431387,"4,405",3841.625605,"5,230",4561.112807,"2,615",2280.556403,"1,120",976.7583831
59021,North Island—Powell River,British Columbia,"125,925",30,23.82370459,485,385.1498908,45,35.73555688,300,238.2370459,310,246.1782807,275,218.3839587,455,361.3261862,110,87.35358348
59022,North Vancouver—Capilano,British Columbia,"116,055",375,323.1226574,"2,120",1826.72009,70,60.31622937,"3,765",3244.15148,480,413.5970014,"1,665",1434.664599,"2,105",1813.795183,455,392.0554909
59023,Okanagan Lake West—South Kelowna,British Columbia,"106,794",35,32.77337678,435,407.3262543,10,9.363821938,525,491.6006517,810,758.4695769,245,229.4136375,720,674.1951795,125,117.0477742
59024,Pitt Meadows—Maple Ridge,British Columbia,"116,916",50,42.76574635,1680,1436.929077,65,55.59547025,"1,685",1441.205652,"1,920",1642.20466,850,727.0176879,"1,335",1141.845427,470,401.9980157
59025,Port Moody—Coquitlam,British Columbia,"115,367",115,99.68188477,1560,1352.206437,85,73.67791483,"8,035",6964.729949,825,715.1091733,"5,300",4594.034689,"2,080",1802.941916,825,715.1091733
59026,Prince George—Peace River—Northern Rockies,British Columbia,"116,962",50,42.748927,1480,1265.368239,100,85.497854,180,153.8961372,950,812.229613,160,136.7965664,335,286.4178109,65,55.5736051
59027,Richmond Centre—Marpole,British Columbia,"116,380",290,249.1837085,"4,050",3479.979378,130,111.7030418,"27,795",23882.96958,"1,100",945.1795841,"24,910",21404.02131,"1,290",1108.437876,750,644.4406255
59028,Richmond East—Steveston,British Columbia,"116,141",240,206.6453707,"4,685",4033.889841,185,159.2891399,"19,575",16854.51305,"4,105",3534.496862,"23,520",20251.24633,"1,185",1020.311518,920,792.1405877
59029,Saanich—Gulf Islands,British Columbia,"122,147",35,28.65399887,830,679.5091161,45,36.84085569,"3,100",2537.925614,"1,635",1338.55109,"2,200",1801.1085,955,781.8448263,355,290.6334171
59030,Similkameen—South Okanagan—West Kootenay,British Columbia,"111,246",25,22.47271812,415,373.0471208,25,22.47271812,150,134.8363087,"2,615",2350.646315,205,184.2762886,645,579.7961275,75,67.41815436
59031,Skeena—Bulkley Valley,British Columbia,"89,689",20,22.29927862,445,496.1589493,40,44.59855724,55,61.3230162,830,925.4200627,165,183.9690486,250,278.7409827,120,133.7956717
59032,South Surrey—White Rock,British Columbia,"118,278",50,42.27328835,915,773.6011769,35,29.59130185,"13,335",11274.286,"6,065",5127.749877,"1,605",1356.972556,"1,165",984.9676187,360,304.3676762
59033,Surrey Centre,British Columbia,"119,724",485,405.098393,5435,4539.607765,235,196.2847883,"3,260",2722.929404,"31,700",26477.56507,"1,975",1649.627477,"2,215",1850.088537,"2,050",1712.271558
59034,Surrey Newton,British Columbia,"119,560",240,200.7360321,"2,775",2321.010371,135,112.9140181,"1,005",840.5821345,"52,595",43990.46504,755,631.482101,"1,350",1129.140181,"1,000",836.4001338
59035,Vancouver Centre,British Columbia,"115,964",30,25.87009762,1050,905.4534166,25,21.55841468,"5,980",5156.772792,570,491.5318547,"3,530",3044.048153,"4,815",4152.150667,950,819.2197579
59036,Vancouver East,British Columbia,"118,675",215,181.1670529,"2,345",1975.984833,100,84.26374552,"2,425",2043.395829,505,425.5319149,"13,690",11535.70676,"3,155",2658.521171,520,438.1714767
59037,Vancouver Fraserview—South Burnaby,British Columbia,"117,482",585,497.9486219,"5,900",5022.04593,210,178.7507874,"9,945",8465.126573,"6,605",5622.137859,"22,730",19347.64475,"2,420",2059.890026,595,506.4605642
59038,Vancouver Granville,British Columbia,"116,798",170,145.5504375,"2,315",1982.054487,100,85.61790442,"9,590",8210.757034,"3,345",2863.918903,"10,855",9293.823524,"2,530",2166.132982,455,389.5614651
59039,Vancouver Kingsway,British Columbia,"116,499",830,712.4524674,7305,6270.44009,225,193.134705,"4,455",3824.067159,"2,810",2412.037872,"22,095",18965.82803,"2,600",2231.778814,340,291.8479987
59040,Vancouver Quadra,British Columbia,"114,779",30,26.13718537,555,483.5379294,15,13.06859269,"17,165",14954.82623,485,422.5511635,"6,645",5789.38656,"2,015",1755.547618,565,492.2503245
59041,Vernon—Lake Country—Monashee,British Columbia,"108,606",15,13.81139164,390,359.0961825,20,18.41518885,175,161.1329024,830,764.2303372,170,156.5291052,415,382.1151686,80,73.66075539
59042,Victoria,British Columbia,"123,482",120,97.18015581,1345,1089.22758,75,60.73759738,"1,975",1599.423398,535,433.261528,"1,385",1121.620965,"1,365",1105.424272,745,603.3268007
59043,West Vancouver—Sunshine Coast—Sea to Sky Country,British Columbia,"114,257",60,52.51319394,940,822.7067051,65,56.88929343,"4,570",3999.754938,"1,365",1194.675162,925,809.5784066,"1,230",1076.520476,230,201.3005768
60001,Yukon,Yukon,"40,232",45,111.8512627,985,2448.299861,75,186.4187711,130,323.12587,405,1006.661364,195,484.6888049,235,584.1121495,35,86.99542653
61001,Northwest Territories,Northwest Territories,"41,070",60,146.092038,790,1923.545167,60,146.092038,110,267.835403,140,340.881422,140,340.881422,115,280.0097395,145,353.0557585
62001,Nunavut,Nunavut,"36,858",10,27.13115199,185,501.9263118,0,0,25,67.82787997,10,27.13115199,20,54.26230398,55,149.2213359,40,108.524608
,,,,,,,,,,,,,,,,,,,
,,,,,,,,,,,,,,,,,,,
,,,,,,,,,,,,,,,,,,,
,,,,,,,,,,,,,,,,,,,
,,,,,,,,,,,,,,,,,,,
,,,,,,,,,,,,,,,,,,,
,,,,,,,,,,,,,,,,,,,
,,,,,,,,,,,,,,,,,,,
,,,,,,,,,,,,,,,,,,,
,,,,,,,,,,,,,,,,,,,
,,,,,,,,,,,,,,,,,,,
,,,,,,,,,,,,,,,,,,,
,,,,,,,,,,,,,,,,,,,
,,,,,,,,,,,,,,,,,,,
,,,,,,,,,,,,,,,,,,,
,,,,,,,,,,,,,,,,,,,
,,,,,,,,,,,,,,,,,,,
,,,,,,,,,,,,,,,,,,,
,,,,,,,,,,,,,,,,,,,
,,,,,,,,,,,,,,,,,,,
,,,,,,,,,,,,,,,,,,,
,,,,,,,,,,,,,,,,,,,
,,,,,,,,,,,,,,,,,,,
,,,,,,,,,,,,,,,,,,,
,,,,,,,,,,,,,,,,,,,
,,,,,,,,,,,,,,,,,,,
,,,,,,,,,,,,,,,,,,,
,,,,,,,,,,,,,,,,,,,
,,,,,,,,,,,,,,,,,,,
,,,,,,,,,,,,,,,,,,,
,,,,,,,,,,,,,,,,,,,
,,,,,,,,,,,,,,,,,,,
,,,,,,,,,,,,,,,,,,,
,,,,,,,,,,,,,,,,,,,
,,,,,,,,,,,,,,,,,,,
,,,,,,,,,,,,,,,,,,,
,,,,,,,,,,,,,,,,,,,
,,,,,,,,,,,,,,,,,,,
,,,,,,,,,,,,,,,,,,,
,,,,,,,,,,,,,,,,,,,
,,,,,,,,,,,,,,,,,,,
,,,,,,,,,,,,,,,,,,,
,,,,,,,,,,,,,,,,,,,
,,,,,,,,,,,,,,,,,,,
,,,,,,,,,,,,,,,,,,,
,,,,,,,,,,,,,,,,,,,
,,,,,,,,,,,,,,,,,,,
,,,,,,,,,,,,,,,,,,,
,,,,,,,,,,,,,,,,,,,
,,,,,,,,,,,,,,,,,,,
,,,,,,,,,,,,,,,,,,,
,,,,,,,,,,,,,,,,,,,
,,,,,,,,,,,,,,,,,,,
,,,,,,,,,,,,,,,,,,,
,,,,,,,,,,,,,,,,,,,
,,,,,,,,,,,,,,,,,,,
,,,,,,,,,,,,,,,,,,,
,,,,,,,,,,,,,,,,,,,
,,,,,,,,,,,,,,,,,,,
,,,,,,,,,,,,,,,,,,,
,,,,,,,,,,,,,,,,,,,
,,,,,,,,,,,,,,,,,,,
,,,,,,,,,,,,,,,,,,,
,,,,,,,,,,,,,,,,,,,
,,,,,,,,,,,,,,,,,,,
,,,,,,,,,,,,,,,,,,,
,,,,,,,,,,,,,,,,,,,
,,,,,,,,,,,,,,,,,,,
,,,,,,,,,,,,,,,,,,,
,,,,,,,,,,,,,,,,,,,
,,,,,,,,,,,,,,,,,,,
,,,,,,,,,,,,,,,,,,,
,,,,,,,,,,,,,,,,,,,
,,,,,,,,,,,,,,,,,,,
,,,,,,,,,,,,,,,,,,,
,,,,,,,,,,,,,,,,,,,
,,,,,,,,,,,,,,,,,,,
,,,,,,,,,,,,,,,,,,,
,,,,,,,,,,,,,,,,,,,
,,,,,,,,,,,,,,,,,,,
,,,,,,,,,,,,,,,,,,,
,,,,,,,,,,,,,,,,,,,
,,,,,,,,,,,,,,,,,,,
,,,,,,,,,,,,,,,,,,,
,,,,,,,,,,,,,,,,,,,
,,,,,,,,,,,,,,,,,,,
,,,,,,,,,,,,,,,,,,,
,,,,,,,,,,,,,,,,,,,
,,,,,,,,,,,,,,,,,,,
,,,,,,,,,,,,,,,,,,,
,,,,,,,,,,,,,,,,,,,
,,,,,,,,,,,,,,,,,,,
,,,,,,,,,,,,,,,,,,,
,,,,,,,,,,,,,,,,,,,
,,,,,,,,,,,,,,,,,,,
,,,,,,,,,,,,,,,,,,,
,,,,,,,,,,,,,,,,,,,
,,,,,,,,,,,,,,,,,,,
,,,,,,,,,,,,,,,,,,,
,,,,,,,,,,,,,,,,,,,
,,,,,,,,,,,,,,,,,,,
,,,,,,,,,,,,,,,,,,,
,,,,,,,,,,,,,,,,,,,
,,,,,,,,,,,,,,,,,,,
,,,,,,,,,,,,,,,,,,,
,,,,,,,,,,,,,,,,,,,
,,,,,,,,,,,,,,,,,,,
,,,,,,,,,,,,,,,,,,,
,,,,,,,,,,,,,,,,,,,
,,,,,,,,,,,,,,,,,,,
,,,,,,,,,,,,,,,,,,,
,,,,,,,,,,,,,,,,,,,
,,,,,,,,,,,,,,,,,,,
,,,,,,,,,,,,,,,,,,,
,,,,,,,,,,,,,,,,,,,
,,,,,,,,,,,,,,,,,,,
,,,,,,,,,,,,,,,,,,,
,,,,,,,,,,,,,,,,,,,
,,,,,,,,,,,,,,,,,,,
,,,,,,,,,,,,,,,,,,,
,,,,,,,,,,,,,,,,,,,
,,,,,,,,,,,,,,,,,,,
,,,,,,,,,,,,,,,,,,,
,,,,,,,,,,,,,,,,,,,
,,,,,,,,,,,,,,,,,,,
,,,,,,,,,,,,,,,,,,,
,,,,,,,,,,,,,,,,,,,
,,,,,,,,,,,,,,,,,,,
,,,,,,,,,,,,,,,,,,,
,,,,,,,,,,,,,,,,,,,
,,,,,,,,,,,,,,,,,,,
,,,,,,,,,,,,,,,,,,,
,,,,,,,,,,,,,,,,,,,
,,,,,,,,,,,,,,,,,,,
,,,,,,,,,,,,,,,,,,,
,,,,,,,,,,,,,,,,,,,
,,,,,,,,,,,,,,,,,,,
,,,,,,,,,,,,,,,,,,,
,,,,,,,,,,,,,,,,,,,
,,,,,,,,,,,,,,,,,,,
,,,,,,,,,,,,,,,,,,,
,,,,,,,,,,,,,,,,,,,
,,,,,,,,,,,,,,,,,,,
,,,,,,,,,,,,,,,,,,,
,,,,,,,,,,,,,,,,,,,
,,,,,,,,,,,,,,,,,,,
,,,,,,,,,,,,,,,,,,,
,,,,,,,,,,,,,,,,,,,
,,,,,,,,,,,,,,,,,,,
,,,,,,,,,,,,,,,,,,,
,,,,,,,,,,,,,,,,,,,
,,,,,,,,,,,,,,,,,,,
,,,,,,,,,,,,,,,,,,,
,,,,,,,,,,,,,,,,,,,
,,,,,,,,,,,,,,,,,,,
,,,,,,,,,,,,,,,,,,,
,,,,,,,,,,,,,,,,,,,
,,,,,,,,,,,,,,,,,,,
,,,,,,,,,,,,,,,,,,,
,,,,,,,,,,,,,,,,,,,
,,,,,,,,,,,,,,,,,,,
,,,,,,,,,,,,,,,,,,,
,,,,,,,,,,,,,,,,,,,
,,,,,,,,,,,,,,,,,,,
,,,,,,,,,,,,,,,,,,,
,,,,,,,,,,,,,,,,,,,
,,,,,,,,,,,,,,,,,,,
,,,,,,,,,,,,,,,,,,,
,,,,,,,,,,,,,,,,,,,
,,,,,,,,,,,,,,,,,,,
,,,,,,,,,,,,,,,,,,,
,,,,,,,,,,,,,,,,,,,
,,,,,,,,,,,,,,,,,,,
,,,,,,,,,,,,,,,,,,,
,,,,,,,,,,,,,,,,,,,
,,,,,,,,,,,,,,,,,,,
,,,,,,,,,,,,,,,,,,,
,,,,,,,,,,,,,,,,,,,
,,,,,,,,,,,,,,,,,,,
,,,,,,,,,,,,,,,,,,,
,,,,,,,,,,,,,,,,,,,
,,,,,,,,,,,,,,,,,,,
,,,,,,,,,,,,,,,,,,,
,,,,,,,,,,,,,,,,,,,
,,,,,,,,,,,,,,,,,,,
,,,,,,,,,,,,,,,,,,,
,,,,,,,,,,,,,,,,,,,
,,,,,,,,,,,,,,,,,,,
,,,,,,,,,,,,,,,,,,,
,,,,,,,,,,,,,,,,,,,
,,,,,,,,,,,,,,,,,,,
,,,,,,,,,,,,,,,,,,,
,,,,,,,,,,,,,,,,,,,
,,,,,,,,,,,,,,,,,,,
,,,,,,,,,,,,,,,,,,,
,,,,,,,,,,,,,,,,,,,
,,,,,,,,,,,,,,,,,,,
,,,,,,,,,,,,,,,,,,,
,,,,,,,,,,,,,,,,,,,
,,,,,,,,,,,,,,,,,,,
,,,,,,,,,,,,,,,,,,,
,,,,,,,,,,,,,,,,,,,
,,,,,,,,,,,,,,,,,,,
,,,,,,,,,,,,,,,,,,,
,,,,,,,,,,,,,,,,,,,
,,,,,,,,,,,,,,,,,,,
,,,,,,,,,,,,,,,,,,,
,,,,,,,,,,,,,,,,,,,
,,,,,,,,,,,,,,,,,,,
,,,,,,,,,,,,,,,,,,,
,,,,,,,,,,,,,,,,,,,
,,,,,,,,,,,,,,,,,,,
,,,,,,,,,,,,,,,,,,,
,,,,,,,,,,,,,,,,,,,
,,,,,,,,,,,,,,,,,,,
,,,,,,,,,,,,,,,,,,,
,,,,,,,,,,,,,,,,,,,
,,,,,,,,,,,,,,,,,,,
,,,,,,,,,,,,,,,,,,,
,,,,,,,,,,,,,,,,,,,
,,,,,,,,,,,,,,,,,,,
,,,,,,,,,,,,,,,,,,,
,,,,,,,,,,,,,,,,,,,
,,,,,,,,,,,,,,,,,,,
,,,,,,,,,,,,,,,,,,,
,,,,,,,,,,,,,,,,,,,
,,,,,,,,,,,,,,,,,,,
,,,,,,,,,,,,,,,,,,,
,,,,,,,,,,,,,,,,,,,
,,,,,,,,,,,,,,,,,,,
,,,,,,,,,,,,,,,,,,,
,,,,,,,,,,,,,,,,,,,
,,,,,,,,,,,,,,,,,,,
,,,,,,,,,,,,,,,,,,,
,,,,,,,,,,,,,,,,,,,
,,,,,,,,,,,,,,,,,,,
,,,,,,,,,,,,,,,,,,,
,,,,,,,,,,,,,,,,,,,
,,,,,,,,,,,,,,,,,,,
,,,,,,,,,,,,,,,,,,,
,,,,,,,,,,,,,,,,,,,
,,,,,,,,,,,,,,,,,,,
,,,,,,,,,,,,,,,,,,,
,,,,,,,,,,,,,,,,,,,
,,,,,,,,,,,,,,,,,,,
,,,,,,,,,,,,,,,,,,,
,,,,,,,,,,,,,,,,,,,
,,,,,,,,,,,,,,,,,,,
,,,,,,,,,,,,,,,,,,,
,,,,,,,,,,,,,,,,,,,
,,,,,,,,,,,,,,,,,,,
,,,,,,,,,,,,,,,,,,,
,,,,,,,,,,,,,,,,,,,
,,,,,,,,,,,,,,,,,,,
,,,,,,,,,,,,,,,,,,,
,,,,,,,,,,,,,,,,,,,
,,,,,,,,,,,,,,,,,,,
,,,,,,,,,,,,,,,,,,,
,,,,,,,,,,,,,,,,,,,
,,,,,,,,,,,,,,,,,,,
,,,,,,,,,,,,,,,,,,,
,,,,,,,,,,,,,,,,,,,
,,,,,,,,,,,,,,,,,,,
,,,,,,,,,,,,,,,,,,,
,,,,,,,,,,,,,,,,,,,
,,,,,,,,,,,,,,,,,,,
,,,,,,,,,,,,,,,,,,,
,,,,,,,,,,,,,,,,,,,
,,,,,,,,,,,,,,,,,,,
,,,,,,,,,,,,,,,,,,,
,,,,,,,,,,,,,,,,,,,
,,,,,,,,,,,,,,,,,,,
,,,,,,,,,,,,,,,,,,,
,,,,,,,,,,,,,,,,,,,
,,,,,,,,,,,,,,,,,,,
,,,,,,,,,,,,,,,,,,,
,,,,,,,,,,,,,,,,,,,
,,,,,,,,,,,,,,,,,,,
,,,,,,,,,,,,,,,,,,,
,,,,,,,,,,,,,,,,,,,
,,,,,,,,,,,,,,,,,,,
,,,,,,,,,,,,,,,,,,,
,,,,,,,,,,,,,,,,,,,
,,,,,,,,,,,,,,,,,,,
,,,,,,,,,,,,,,,,,,,
,,,,,,,,,,,,,,,,,,,
,,,,,,,,,,,,,,,,,,,
,,,,,,,,,,,,,,,,,,,
,,,,,,,,,,,,,,,,,,,
,,,,,,,,,,,,,,,,,,,
,,,,,,,,,,,,,,,,,,,
,,,,,,,,,,,,,,,,,,,
,,,,,,,,,,,,,,,,,,,
,,,,,,,,,,,,,,,,,,,
,,,,,,,,,,,,,,,,,,,
,,,,,,,,,,,,,,,,,,,
,,,,,,,,,,,,,,,,,,,
,,,,,,,,,,,,,,,,,,,
,,,,,,,,,,,,,,,,,,,
,,,,,,,,,,,,,,,,,,,
,,,,,,,,,,,,,,,,,,,
,,,,,,,,,,,,,,,,,,,
,,,,,,,,,,,,,,,,,,,
,,,,,,,,,,,,,,,,,,,
,,,,,,,,,,,,,,,,,,,
,,,,,,,,,,,,,,,,,,,
,,,,,,,,,,,,,,,,,,,
,,,,,,,,,,,,,,,,,,,
,,,,,,,,,,,,,,,,,,,
,,,,,,,,,,,,,,,,,,,
,,,,,,,,,,,,,,,,,,,
,,,,,,,,,,,,,,,,,,,
,,,,,,,,,,,,,,,,,,,
,,,,,,,,,,,,,,,,,,,
,,,,,,,,,,,,,,,,,,,
,,,,,,,,,,,,,,,,,,,
,,,,,,,,,,,,,,,,,,,
,,,,,,,,,,,,,,,,,,,
,,,,,,,,,,,,,,,,,,,
,,,,,,,,,,,,,,,,,,,
,,,,,,,,,,,,,,,,,,,
,,,,,,,,,,,,,,,,,,,
,,,,,,,,,,,,,,,,,,,
,,,,,,,,,,,,,,,,,,,
,,,,,,,,,,,,,,,,,,,
,,,,,,,,,,,,,,,,,,,
,,,,,,,,,,,,,,,,,,,
,,,,,,,,,,,,,,,,,,,
,,,,,,,,,,,,,,,,,,,
,,,,,,,,,,,,,,,,,,,
,,,,,,,,,,,,,,,,,,,
,,,,,,,,,,,,,,,,,,,
,,,,,,,,,,,,,,,,,,,
,,,,,,,,,,,,,,,,,,,
,,,,,,,,,,,,,,,,,,,
,,,,,,,,,,,,,,,,,,,
,,,,,,,,,,,,,,,,,,,
,,,,,,,,,,,,,,,,,,,
,,,,,,,,,,,,,,,,,,,
,,,,,,,,,,,,,,,,,,,
,,,,,,,,,,,,,,,,,,,
,,,,,,,,,,,,,,,,,,,
,,,,,,,,,,,,,,,,,,,
,,,,,,,,,,,,,,,,,,,
,,,,,,,,,,,,,,,,,,,
,,,,,,,,,,,,,,,,,,,
,,,,,,,,,,,,,,,,,,,
,,,,,,,,,,,,,,,,,,,
,,,,,,,,,,,,,,,,,,,
,,,,,,,,,,,,,,,,,,,
,,,,,,,,,,,,,,,,,,,
,,,,,,,,,,,,,,,,,,,
,,,,,,,,,,,,,,,,,,,
,,,,,,,,,,,,,,,,,,,
,,,,,,,,,,,,,,,,,,,
,,,,,,,,,,,,,,,,,,,
,,,,,,,,,,,,,,,,,,,
,,,,,,,,,,,,,,,,,,,
,,,,,,,,,,,,,,,,,,,
,,,,,,,,,,,,,,,,,,,
,,,,,,,,,,,,,,,,,,,
,,,,,,,,,,,,,,,,,,,
,,,,,,,,,,,,,,,,,,,
,,,,,,,,,,,,,,,,,,,
,,,,,,,,,,,,,,,,,,,
,,,,,,,,,,,,,,,,,,,
,,,,,,,,,,,,,,,,,,,
,,,,,,,,,,,,,,,,,,,
,,,,,,,,,,,,,,,,,,,
,,,,,,,,,,,,,,,,,,,
,,,,,,,,,,,,,,,,,,,
,,,,,,,,,,,,,,,,,,,
,,,,,,,,,,,,,,,,,,,
,,,,,,,,,,,,,,,,,,,
,,,,,,,,,,,,,,,,,,,
,,,,,,,,,,,,,,,,,,,
,,,,,,,,,,,,,,,,,,,
,,,,,,,,,,,,,,,,,,,
,,,,,,,,,,,,,,,,,,,
,,,,,,,,,,,,,,,,,,,
,,,,,,,,,,,,,,,,,,,
,,,,,,,,,,,,,,,,,,,
,,,,,,,,,,,,,,,,,,,
,,,,,,,,,,,,,,,,,,,
,,,,,,,,,,,,,,,,,,,
,,,,,,,,,,,,,,,,,,,
,,,,,,,,,,,,,,,,,,,
,,,,,,,,,,,,,,,,,,,
,,,,,,,,,,,,,,,,,,,
,,,,,,,,,,,,,,,,,,,
,,,,,,,,,,,,,,,,,,,
,,,,,,,,,,,,,,,,,,,
,,,,,,,,,,,,,,,,,,,
,,,,,,,,,,,,,,,,,,,
,,,,,,,,,,,,,,,,,,,
,,,,,,,,,,,,,,,,,,,
,,,,,,,,,,,,,,,,,,,
,,,,,,,,,,,,,,,,,,,
,,,,,,,,,,,,,,,,,,,
,,,,,,,,,,,,,,,,,,,
,,,,,,,,,,,,,,,,,,,
,,,,,,,,,,,,,,,,,,,
,,,,,,,,,,,,,,,,,,,
,,,,,,,,,,,,,,,,,,,
,,,,,,,,,,,,,,,,,,,
,,,,,,,,,,,,,,,,,,,
,,,,,,,,,,,,,,,,,,,
,,,,,,,,,,,,,,,,,,,
,,,,,,,,,,,,,,,,,,,
,,,,,,,,,,,,,,,,,,,
,,,,,,,,,,,,,,,,,,,
,,,,,,,,,,,,,,,,,,,
,,,,,,,,,,,,,,,,,,,
,,,,,,,,,,,,,,,,,,,
,,,,,,,,,,,,,,,,,,,
,,,,,,,,,,,,,,,,,,,
,,,,,,,,,,,,,,,,,,,
,,,,,,,,,,,,,,,,,,,
,,,,,,,,,,,,,,,,,,,
,,,,,,,,,,,,,,,,,,,
,,,,,,,,,,,,,,,,,,,
,,,,,,,,,,,,,,,,,,,
,,,,,,,,,,,,,,,,,,,
,,,,,,,,,,,,,,,,,,,
,,,,,,,,,,,,,,,,,,,
,,,,,,,,,,,,,,,,,,,
,,,,,,,,,,,,,,,,,,,
,,,,,,,,,,,,,,,,,,,
,,,,,,,,,,,,,,,,,,,
,,,,,,,,,,,,,,,,,,,
,,,,,,,,,,,,,,,,,,,
,,,,,,,,,,,,,,,,,,,
,,,,,,,,,,,,,,,,,,,
,,,,,,,,,,,,,,,,,,,
,,,,,,,,,,,,,,,,,,,
,,,,,,,,,,,,,,,,,,,
,,,,,,,,,,,,,,,,,,,
,,,,,,,,,,,,,,,,,,,
,,,,,,,,,,,,,,,,,,,
,,,,,,,,,,,,,,,,,,,
,,,,,,,,,,,,,,,,,,,
,,,,,,,,,,,,,,,,,,,
,,,,,,,,,,,,,,,,,,,
,,,,,,,,,,,,,,,,,,,
,,,,,,,,,,,,,,,,,,,
,,,,,,,,,,,,,,,,,,,
,,,,,,,,,,,,,,,,,,,
,,,,,,,,,,,,,,,,,,,
,,,,,,,,,,,,,,,,,,,
,,,,,,,,,,,,,,,,,,,
,,,,,,,,,,,,,,,,,,,
,,,,,,,,,,,,,,,,,,,
,,,,,,,,,,,,,,,,,,,
,,,,,,,,,,,,,,,,,,,
,,,,,,,,,,,,,,,,,,,
,,,,,,,,,,,,,,,,,,,
,,,,,,,,,,,,,,,,,,,
,,,,,,,,,,,,,,,,,,,
,,,,,,,,,,,,,,,,,,,
,,,,,,,,,,,,,,,,,,,
,,,,,,,,,,,,,,,,,,,
,,,,,,,,,,,,,,,,,,,
,,,,,,,,,,,,,,,,,,,
,,,,,,,,,,,,,,,,,,,
,,,,,,,,,,,,,,,,,,,
,,,,,,,,,,,,,,,,,,,
,,,,,,,,,,,,,,,,,,,
,,,,,,,,,,,,,,,,,,,
,,,,,,,,,,,,,,,,,,,
,,,,,,,,,,,,,,,,,,,
,,,,,,,,,,,,,,,,,,,
,,,,,,,,,,,,,,,,,,,
,,,,,,,,,,,,,,,,,,,
,,,,,,,,,,,,,,,,,,,
,,,,,,,,,,,,,,,,,,,
,,,,,,,,,,,,,,,,,,,
,,,,,,,,,,,,,,,,,,,
,,,,,,,,,,,,,,,,,,,
,,,,,,,,,,,,,,,,,,,
,,,,,,,,,,,,,,,,,,,
,,,,,,,,,,,,,,,,,,,
,,,,,,,,,,,,,,,,,,,
,,,,,,,,,,,,,,,,,,,
,,,,,,,,,,,,,,,,,,,
,,,,,,,,,,,,,,,,,,,
,,,,,,,,,,,,,,,,,,,
,,,,,,,,,,,,,,,,,,,
,,,,,,,,,,,,,,,,,,,
,,,,,,,,,,,,,,,,,,,
,,,,,,,,,,,,,,,,,,,
,,,,,,,,,,,,,,,,,,,
,,,,,,,,,,,,,,,,,,,
,,,,,,,,,,,,,,,,,,,
,,,,,,,,,,,,,,,,,,,
,,,,,,,,,,,,,,,,,,,
,,,,,,,,,,,,,,,,,,,
,,,,,,,,,,,,,,,,,,,
,,,,,,,,,,,,,,,,,,,
,,,,,,,,,,,,,,,,,,,
,,,,,,,,,,,,,,,,,,,
,,,,,,,,,,,,,,,,,,,
,,,,,,,,,,,,,,,,,,,
,,,,,,,,,,,,,,,,,,,
,,,,,,,,,,,,,,,,,,,
,,,,,,,,,,,,,,,,,,,
,,,,,,,,,,,,,,,,,,,
,,,,,,,,,,,,,,,,,,,
,,,,,,,,,,,,,,,,,,,
,,,,,,,,,,,,,,,,,,,
,,,,,,,,,,,,,,,,,,,
,,,,,,,,,,,,,,,,,,,
,,,,,,,,,,,,,,,,,,,
,,,,,,,,,,,,,,,,,,,
,,,,,,,,,,,,,,,,,,,
,,,,,,,,,,,,,,,,,,,
,,,,,,,,,,,,,,,,,,,
,,,,,,,,,,,,,,,,,,,
,,,,,,,,,,,,,,,,,,,
,,,,,,,,,,,,,,,,,,,
,,,,,,,,,,,,,,,,,,,
,,,,,,,,,,,,,,,,,,,
,,,,,,,,,,,,,,,,,,,
,,,,,,,,,,,,,,,,,,,
,,,,,,,,,,,,,,,,,,,
,,,,,,,,,,,,,,,,,,,
,,,,,,,,,,,,,,,,,,,
,,,,,,,,,,,,,,,,,,,
,,,,,,,,,,,,,,,,,,,
,,,,,,,,,,,,,,,,,,,
,,,,,,,,,,,,,,,,,,,
,,,,,,,,,,,,,,,,,,,
,,,,,,,,,,,,,,,,,,,
,,,,,,,,,,,,,,,,,,,
,,,,,,,,,,,,,,,,,,,
,,,,,,,,,,,,,,,,,,,
,,,,,,,,,,,,,,,,,,,
,,,,,,,,,,,,,,,,,,,
,,,,,,,,,,,,,,,,,,,
,,,,,,,,,,,,,,,,,,,
,,,,,,,,,,,,,,,,,,,
,,,,,,,,,,,,,,,,,,,
,,,,,,,,,,,,,,,,,,,
,,,,,,,,,,,,,,,,,,,
,,,,,,,,,,,,,,,,,,,
,,,,,,,,,,,,,,,,,,,
,,,,,,,,,,,,,,,,,,,
,,,,,,,,,,,,,,,,,,,
,,,,,,,,,,,,,,,,,,,
,,,,,,,,,,,,,,,,,,,
,,,,,,,,,,,,,,,,,,,
,,,,,,,,,,,,,,,,,,,
,,,,,,,,,,,,,,,,,,,
,,,,,,,,,,,,,,,,,,,
,,,,,,,,,,,,,,,,,,,
,,,,,,,,,,,,,,,,,,,
,,,,,,,,,,,,,,,,,,,
,,,,,,,,,,,,,,,,,,,
,,,,,,,,,,,,,,,,,,,
,,,,,,,,,,,,,,,,,,,
,,,,,,,,,,,,,,,,,,,
,,,,,,,,,,,,,,,,,,,
,,,,,,,,,,,,,,,,,,,
,,,,,,,,,,,,,,,,,,,
,,,,,,,,,,,,,,,,,,,
,,,,,,,,,,,,,,,,,,,
,,,,,,,,,,,,,,,,,,,
,,,,,,,,,,,,,,,,,,,
,,,,,,,,,,,,,,,,,,,
,,,,,,,,,,,,,,,,,,,
,,,,,,,,,,,,,,,,,,,
,,,,,,,,,,,,,,,,,,,
,,,,,,,,,,,,,,,,,,,
,,,,,,,,,,,,,,,,,,,
,,,,,,,,,,,,,,,,,,,
,,,,,,,,,,,,,,,,,,,
,,,,,,,,,,,,,,,,,,,
,,,,,,,,,,,,,,,,,,,
,,,,,,,,,,,,,,,,,,,
,,,,,,,,,,,,,,,,,,,
,,,,,,,,,,,,,,,,,,,
,,,,,,,,,,,,,,,,,,,
,,,,,,,,,,,,,,,,,,,
,,,,,,,,,,,,,,,,,,,
,,,,,,,,,,,,,,,,,,,
,,,,,,,,,,,,,,,,,,,
,,,,,,,,,,,,,,,,,,,
,,,,,,,,,,,,,,,,,,,
,,,,,,,,,,,,,,,,,,,
,,,,,,,,,,,,,,,,,,,
,,,,,,,,,,,,,,,,,,,
,,,,,,,,,,,,,,,,,,,
,,,,,,,,,,,,,,,,,,,
,,,,,,,,,,,,,,,,,,,
,,,,,,,,,,,,,,,,,,,
,,,,,,,,,,,,,,,,,,,
,,,,,,,,,,,,,,,,,,,
,,,,,,,,,,,,,,,,,,,
,,,,,,,,,,,,,,,,,,,
,,,,,,,,,,,,,,,,,,,
,,,,,,,,,,,,,,,,,,,
,,,,,,,,,,,,,,,,,,,
,,,,,,,,,,,,,,,,,,,
,,,,,,,,,,,,,,,,,,,
,,,,,,,,,,,,,,,,,,,
,,,,,,,,,,,,,,,,,,,
,,,,,,,,,,,,,,,,,,,
,,,,,,,,,,,,,,,,,,,
,,,,,,,,,,,,,,,,,,,
,,,,,,,,,,,,,,,,,,,
,,,,,,,,,,,,,,,,,,,
,,,,,,,,,,,,,,,,,,,
,,,,,,,,,,,,,,,,,,,
,,,,,,,,,,,,,,,,,,,
,,,,,,,,,,,,,,,,,,,
,,,,,,,,,,,,,,,,,,,
,,,,,,,,,,,,,,,,,,,
,,,,,,,,,,,,,,,,,,,
,,,,,,,,,,,,,,,,,,,
,,,,,,,,,,,,,,,,,,,
,,,,,,,,,,,,,,,,,,,
,,,,,,,,,,,,,,,,,,,
,,,,,,,,,,,,,,,,,,,
,,,,,,,,,,,,,,,,,,,
,,,,,,,,,,,,,,,,,,,
,,,,,,,,,,,,,,,,,,,
,,,,,,,,,,,,,,,,,,,
,,,,,,,,,,,,,,,,,,,
,,,,,,,,,,,,,,,,,,,
,,,,,,,,,,,,,,,,,,,
,,,,,,,,,,,,,,,,,,,
,,,,,,,,,,,,,,,,,,,
,,,,,,,,,,,,,,,,,,,
,,,,,,,,,,,,,,,,,,,
,,,,,,,,,,,,,,,,,,,
,,,,,,,,,,,,,,,,,,,
,,,,,,,,,,,,,,,,,,,
,,,,,,,,,,,,,,,,,,,
,,,,,,,,,,,,,,,,,,,
,,,,,,,,,,,,,,,,,,,
,,,,,,,,,,,,,,,,,,,
,,,,,,,,,,,,,,,,,,,
,,,,,,,,,,,,,,,,,,,
,,,,,,,,,,,,,,,,,,,
,,,,,,,,,,,,,,,,,,,
,,,,,,,,,,,,,,,,,,,
,,,,,,,,,,,,,,,,,,,
,,,,,,,,,,,,,,,,,,,
,,,,,,,,,,,,,,,,,,,
,,,,,,,,,,,,,,,,,,,
,,,,,,,,,,,,,,,,,,,
,,,,,,,,,,,,,,,,,,,
,,,,,,,,,,,,,,,,,,,
,,,,,,,,,,,,,,,,,,,
,,,,,,,,,,,,,,,,,,,
,,,,,,,,,,,,,,,,,,,
,,,,,,,,,,,,,,,,,,,
,,,,,,,,,,,,,,,,,,,
,,,,,,,,,,,,,,,,,,,
,,,,,,,,,,,,,,,,,,,
,,,,,,,,,,,,,,,,,,,
,,,,,,,,,,,,,,,,,,,
,,,,,,,,,,,,,,,,,,,
,,,,,,,,,,,,,,,,,,,
,,,,,,,,,,,,,,,,,,,
,,,,,,,,,,,,,,,,,,,
,,,,,,,,,,,,,,,,,,,
,,,,,,,,,,,,,,,,,,,
,,,,,,,,,,,,,,,,,,,
,,,,,,,,,,,,,,,,,,,
,,,,,,,,,,,,,,,,,,,
,,,,,,,,,,,,,,,,,,,
,,,,,,,,,,,,,,,,,,,
,,,,,,,,,,,,,,,,,,,
,,,,,,,,,,,,,,,,,,,
,,,,,,,,,,,,,,,,,,,
,,,,,,,,,,,,,,,,,,,
,,,,,,,,,,,,,,,,,,,
,,,,,,,,,,,,,,,,,,,
,,,,,,,,,,,,,,,,,,,
,,,,,,,,,,,,,,,,,,,
,,,,,,,,,,,,,,,,,,,
,,,,,,,,,,,,,,,,,,,
,,,,,,,,,,,,,,,,,,,
,,,,,,,,,,,,,,,,,,,
,,,,,,,,,,,,,,,,,,,
,,,,,,,,,,,,,,,,,,,
,,,,,,,,,,,,,,,,,,,
,,,,,,,,,,,,,,,,,,,
,,,,,,,,,,,,,,,,,,,
,,,,,,,,,,,,,,,,,,,
,,,,,,,,,,,,,,,,,,,
,,,,,,,,,,,,,,,,,,,
,,,,,,,,,,,,,,,,,,,
,,,,,,,,,,,,,,,,,,,
,,,,,,,,,,,,,,,,,,,
,,,,,,,,,,,,,,,,,,,
,,,,,,,,,,,,,,,,,,,
,,,,,,,,,,,,,,,,,,,
,,,,,,,,,,,,,,,,,,,
,,,,,,,,,,,,,,,,,,,
,,,,,,,,,,,,,,,,,,,
,,,,,,,,,,,,,,,,,,,
,,,,,,,,,,,,,,,,,,,
,,,,,,,,,,,,,,,,,,,
,,,,,,,,,,,,,,,,,,,
,,,,,,,,,,,,,,,,,,,
,,,,,,,,,,,,,,,,,,,
,,,,,,,,,,,,,,,,,,,
,,,,,,,,,,,,,,,,,,,
,,,,,,,,,,,,,,,,,,,
,,,,,,,,,,,,,,,,,,,
,,,,,,,,,,,,,,,,,,,
,,,,,,,,,,,,,,,,,,,
,,,,,,,,,,,,,,,,,,,
,,,,,,,,,,,,,,,,,,,
,,,,,,,,,,,,,,,,,,,
,,,,,,,,,,,,,,,,,,,
,,,,,,,,,,,,,,,,,,,
,,,,,,,,,,,,,,,,,,,
,,,,,,,,,,,,,,,,,,,
,,,,,,,,,,,,,,,,,,,
,,,,,,,,,,,,,,,,,,,
,,,,,,,,,,,,,,,,,,,
,,,,,,,,,,,,,,,,,,,
,,,,,,,,,,,,,,,,,,,
,,,,,,,,,,,,,,,,,,,
,,,,,,,,,,,,,,,,,,,
,,,,,,,,,,,,,,,,,,,
,,,,,,,,,,,,,,,,,,,
,,,,,,,,,,,,,,,,,,,
,,,,,,,,,,,,,,,,,,,
,,,,,,,,,,,,,,,,,,,
,,,,,,,,,,,,,,,,,,,
,,,,,,,,,,,,,,,,,,,
,,,,,,,,,,,,,,,,,,,
,,,,,,,,,,,,,,,,,,,
,,,,,,,,,,,,,,,,,,,
,,,,,,,,,,,,,,,,,,,
,,,,,,,,,,,,,,,,,,,
,,,,,,,,,,,,,,,,,,,
,,,,,,,,,,,,,,,,,,,
,,,,,,,,,,,,,,,,,,,
,,,,,,,,,,,,,,,,,,,
,,,,,,,,,,,,,,,,,,,
,,,,,,,,,,,,,,,,,,,
,,,,,,,,,,,,,,,,,,,
,,,,,,,,,,,,,,,,,,,
,,,,,,,,,,,,,,,,,,,
,,,,,,,,,,,,,,,,,,,
,,,,,,,,,,,,,,,,,,,
,,,,,,,,,,,,,,,,,,,
,,,,,,,,,,,,,,,,,,,
,,,,,,,,,,,,,,,,,,,
,,,,,,,,,,,,,,,,,,,
,,,,,,,,,,,,,,,,,,,
,,,,,,,,,,,,,,,,,,,
,,,,,,,,,,,,,,,,,,,
,,,,,,,,,,,,,,,,,,,
,,,,,,,,,,,,,,,,,,,
,,,,,,,,,,,,,,,,,,,
,,,,,,,,,,,,,,,,,,,
,,,,,,,,,,,,,,,,,,,
,,,,,,,,,,,,,,,,,,,
,,,,,,,,,,,,,,,,,,,
,,,,,,,,,,,,,,,,,,,
,,,,,,,,,,,,,,,,,,,
,,,,,,,,,,,,,,,,,,,
,,,,,,,,,,,,,,,,,,,
,,,,,,,,,,,,,,,,,,,
,,,,,,,,,,,,,,,,,,,
,,,,,,,,,,,,,,,,,,,
,,,,,,,,,,,,,,,,,,,
,,,,,,,,,,,,,,,,,,,
,,,,,,,,,,,,,,,,,,,
,,,,,,,,,,,,,,,,,,,
,,,,,,,,,,,,,,,,,,,
,,,,,,,,,,,,,,,,,,,
,,,,,,,,,,,,,,,,,,,
,,,,,,,,,,,,,,,,,,,
,,,,,,,,,,,,,,,,,,,
,,,,,,,,,,,,,,,,,,,
,,,,,,,,,,,,,,,,,,,
,,,,,,,,,,,,,,,,,,,
,,,,,,,,,,,,,,,,,,,
,,,,,,,,,,,,,,,,,,,
,,,,,,,,,,,,,,,,,,,
,,,,,,,,,,,,,,,,,,,
,,,,,,,,,,,,,,,,,,,
,,,,,,,,,,,,,,,,,,,
,,,,,,,,,,,,,,,,,,,
,,,,,,,,,,,,,,,,,,,
,,,,,,,,,,,,,,,,,,,
,,,,,,,,,,,,,,,,,,,
,,,,,,,,,,,,,,,,,,,
,,,,,,,,,,,,,,,,,,,
,,,,,,,,,,,,,,,,,,,
,,,,,,,,,,,,,,,,,,,
,,,,,,,,,,,,,,,,,,,
,,,,,,,,,,,,,,,,,,,
,,,,,,,,,,,,,,,,,,,
,,,,,,,,,,,,,,,,,,,
,,,,,,,,,,,,,,,,,,,
